0.13354163	0.13884751	-0.09632446	0.29655585	0.27227357	0.3580186	0.34473127	-0.19821754	0.17807247	-0.36606053	0.027914133	-0.04610175	-0.0891357	-0.06366689	0.16891219	-0.06304085	-0.007901877	-0.0146284215	0.18755598	0.18891908	0.2866898	-0.0603756	0.060737096	0.018265884	-0.004636519	0.23509009	0.25984937	-0.1551176	0.14900507	0.14374462	-0.02183796	0.07878753	0.07384385	-0.019564535	0.20110475	0.06878136	-0.15565689	0.17075829	0.45960855	0.12957408	-0.37649357	0.29059052	0.13009702	-0.03650951	-0.23810689	0.117617704	0.13946874	-0.28861526	-0.014573117	-0.21274763	0.0913524	0.21960938	-0.37026688	-0.19865946	-0.09890887	0.20057335	0.020852573	0.14151455	-0.2168524	0.43996307	-0.20490283	0.03821345	0.13123004	0.35351592	0.2538492	-0.33534446	0.2161884	-0.12921801	-0.26797676	0.19844557	-0.12620217	-0.43348947	0.03450702	-0.21107079	0.11836702	0.0781695	-0.22225168	-0.05390217	0.25357732	0.23455909	0.13702013	-0.23720568	-0.0061675003	-0.29339597	0.006083641	0.10357476	-0.24955876	-0.144392	0.032370523	-0.15862718	-0.2708812	-0.23194543	-0.18597038	-0.013191597	0.18130131	0.18577564	-0.36110425	0.26480398	-0.23766083	-0.09886981	0.11335425	-0.052170705	0.18218997	0.26853973	0.24548061	-0.088066116	-0.22015029	-0.16902849	0.3486812	0.19067207	0.31423888	-0.061698414	-0.2932343	0.15830338	0.35056156	0.03529967	0.24200203	-0.030920133	0.36276177	-0.37254086	-0.19222164	0.050765418	-0.11100903	0.015120239	0.19886819	0.016000321	0.11660905	-0.4102128
-0.13350044	-0.16954239	-0.15601936	0.31159234	-0.16085218	-0.002550642	-0.013621462	0.129773	0.17128626	-0.018914204	-0.10709289	-0.02661892	0.27797872	0.21916	0.3123804	-0.15118673	-0.013266455	0.22736289	-0.15032065	0.113411024	-0.066391475	0.22862458	0.09632587	-0.07079387	-0.12625924	-0.22669606	-0.011134512	-0.18333963	-0.2153091	-0.2058187	-0.021801189	0.10094588	0.047929797	0.24324557	0.1198937	-0.2337024	-0.10972813	-0.07273775	0.04831904	0.1725931	-0.01069396	0.3779522	0.02031795	0.0478156	0.25207934	-0.10013332	-0.19738331	0.37694332	0.08637706	-0.21621756	-0.09198345	0.02178615	-0.186004	0.37285972	-0.20318791	-0.1720722	-0.14822854	-0.3911898	0.042258516	-0.13449615	0.46422762	0.01718912	0.16447507	-0.21770458	-0.10965986	0.22898652	0.15379004	-0.12466692	0.11167315	0.17679721	0.27393267	0.20873278	0.07991546	0.21753004	-0.03565217	-0.121140026	-0.19466531	0.17119764	0.14520887	-0.14096056	-0.15023907	0.23962964	0.027823545	0.022688268	0.013597149	0.18849343	-0.05568157	0.13676418	-0.1262611	0.031417422	0.17786273	0.27365646	-0.14196172	-0.32996967	0.14805405	0.13659008	0.43849635	-0.10653428	0.065957345	0.21904585	-0.053127676	-0.16469699	0.072126	0.19173317	0.08491495	0.4790707	0.09531426	0.3227685	-0.3961814	0.0065168673	-0.2441158	0.19873872	0.17598267	-0.00764203	-0.2585835	-0.24973425	0.042469416	0.15526445	-0.25302908	0.08807017	0.03536114	-0.09427774	0.014386206	0.34085009	-0.008605137	0.19173808	0.23651169	0.06491896
0.033764284	-0.09099232	0.08412331	0.46146506	0.47766927	0.045725815	0.110579506	0.19069834	0.065671004	-0.0806059	-0.08993148	-0.05617628	-0.3769813	-0.19657281	-0.4229703	-0.0995156	0.0001797301	0.07212552	0.08142652	-0.14535981	-0.4125592	0.122408375	-0.21954201	0.074919134	0.36182043	0.047846917	0.053258255	-0.09721685	-0.35214454	0.3479749	-0.08592696	-0.14854372	-0.24835643	-0.120199084	-0.30263495	0.20674476	0.0040096203	-0.13936052	0.38291982	0.15778589	0.09682949	0.034177136	-0.19362454	-0.06505814	0.14872581	0.113657154	0.24854936	-0.1205054	-0.3958141	0.1487325	0.420532	-0.3303653	0.38036802	0.21404527	0.0969268	-0.2559822	-0.16733275	0.28586715	0.30848688	-0.036815204	-0.28586006	-0.39221376	0.15982652	-0.30932146	-0.28113785	0.09251682	0.24743888	-0.07875472	0.19689113	0.4922348	-0.40183854	0.2656105	-0.13041614	-0.24614637	0.1818166	0.29143485	-0.20589302	-0.30125126	0.12478624	0.3210794	0.27204582	0.048765045	0.36479357	0.25427258	0.015561682	-0.6921827	0.26270875	-0.18777302	-0.027356338	-0.049141817	0.071934395	-0.09729007	-0.050223447	-0.19706063	0.09913208	0.008346694	-0.05415907	-0.027245393	-0.30569056	-0.20694314	0.23856565	-0.047208857	0.11314127	-0.23444356	0.13605313	-0.20029768	0.03789834	-0.13369991	0.01888204	-0.096143946	-0.16045599	-0.028187223	-0.12472315	0.09426034	-0.20171845	-0.25030664	-0.08899677	-0.3427663	0.22417413	-0.5733839	0.27042976	-0.39995736	-0.2307567	-0.24616794	-0.10226516	0.28433278	0.47388324	-0.013006791
-0.0678043	-0.043340944	-0.04341543	0.25427672	-0.023896953	-0.09368916	-0.007463798	0.0058084265	-0.118965715	0.2149148	-0.025559658	-0.026278572	-0.06787154	-0.21065801	-0.13539109	-0.20495929	0.12229276	-0.16860504	0.086094484	0.032221515	0.1550691	-0.07435263	0.117566586	-0.06510754	0.3259357	0.31891203	0.040557172	-0.046479896	-0.24767278	-0.029388934	0.27603993	-0.071912274	-0.09389807	0.1595215	0.13040437	0.39795735	-0.28623518	-0.045519717	0.2790111	0.23607863	0.33811685	-0.17537943	0.21629071	0.07913471	-0.030544551	0.11720243	-0.113620624	-0.17418873	0.22513568	-0.41561776	-0.21622908	-0.0559076	0.1758135	0.048788037	0.06101935	0.088593006	0.10105094	0.32047886	-0.23177247	0.1764448	-0.5386343	0.14619704	0.1325649	-0.06581235	0.00033608676	0.055406764	-0.2935829	0.083561726	0.04974207	0.20213062	-0.052049004	0.007881119	-0.27567235	-0.0976764	0.3001856	-0.05801316	-0.2968121	-0.27556935	-0.2236631	0.2175668	0.05555563	-0.0008295672	0.11094793	-0.013456976	-0.16475327	-0.4050017	-0.035438973	0.19641614	0.16998275	0.15986961	-0.36085317	0.28001526	0.20990717	0.1814866	0.07153512	-0.27366018	-0.22234155	0.09452527	-0.066926934	-0.10528083	-0.12039192	0.15009208	0.015008229	0.051128194	-0.16404583	-0.29081967	0.14996861	-0.2621453	0.019989537	-0.09113978	-0.2396526	-0.2722738	-0.67533183	0.095901795	-0.2535699	-0.11848082	-0.27445585	0.39464387	-0.0480124	0.23547587	-0.24400814	-0.06015764	-0.24390604	0.16927473	-0.06512784	0.13839136	-0.1379949	0.066817455
0.03889834	0.37028304	0.41821754	-0.39562017	-0.06685558	-0.12433559	0.18955448	-0.15324621	-0.15987289	-0.14580268	-0.17569886	-0.2011726	-0.30438378	0.026696097	0.18786761	0.43810293	0.08220818	0.34485525	0.18933097	-0.0294899	0.31098682	0.33422703	-0.15525442	0.016247384	-0.38913345	-0.21202226	-0.20356768	0.18427192	0.3198341	-0.18428567	0.5133237	-0.22242522	0.07058698	-0.056467835	0.20324138	-0.049114708	0.057429165	0.24584524	-0.1894189	0.36632636	-0.22617568	0.049541827	-0.06721609	-0.17782654	0.2847515	-0.44832033	-0.075112835	0.13343602	-0.18099764	-0.15073156	-0.13280426	0.019376025	-0.080490865	0.3117186	0.22780967	0.051017746	-0.4287317	-0.28125033	0.10367961	-0.10980272	0.05768744	-0.31303552	-0.19115835	-0.20358522	-0.107389264	-0.10934639	0.16259429	-0.21738972	0.09033153	0.17580028	-0.07866033	-0.3122397	0.14245184	-0.0992189	0.1693272	0.030380959	-0.123648666	0.13746846	0.15625936	-0.11097644	0.1264342	0.013892276	0.25722998	-0.6142341	-0.14677078	0.020822858	0.13303813	0.1507986	0.041409813	0.13161615	0.19275783	-0.25585502	-0.24143821	-0.5146644	-0.06895572	-0.19802423	0.17690225	0.289787	0.22422977	-0.46350434	0.5437748	0.0039878115	0.39516878	0.09019331	0.011497005	0.036469586	0.1665939	0.12659018	-0.33196205	-0.02333641	-0.0735685	0.009420446	0.116010964	0.11739341	0.060573854	-0.13915093	0.07876455	0.18076959	0.34633636	-0.14765	-0.08552808	-0.2520415	0.11699585	-0.116190046	0.0017692986	0.33145615	0.33620858	0.018021416
-0.21880664	0.4302268	-0.2474496	0.11706469	0.040722314	-0.0069572674	0.05046543	-0.24598105	-0.08560913	-0.07704348	0.24580312	-0.029000163	-0.10520657	0.031412043	0.053129695	0.017285325	0.14909723	0.08034161	-0.15641928	0.21323733	-0.6355674	-0.35705626	-0.115079515	-0.14908022	0.44227466	0.07284367	-0.070390224	-0.058807276	0.04785393	0.020709325	0.007469184	-0.16849856	-0.20244555	0.27248102	-0.22651608	-0.095593475	0.19692087	-0.5455014	-0.08613063	-0.46436173	0.18578523	-0.14068894	-0.36424142	-0.08203832	0.13814522	-0.317309	-0.04404433	-0.080356434	-0.0945276	0.091917455	-0.19449703	-0.1638551	-0.2161142	-0.25156853	0.13047129	-0.046712022	-0.20943052	0.08586922	-0.065458864	-0.3168383	0.10055136	0.2833363	-0.40802395	-0.018227464	-0.05639971	0.03755517	-0.25326106	0.039293125	0.075157195	-0.09326983	0.07628811	-0.19258063	-0.361083	0.30428514	0.0402144	0.20822497	-0.09183419	-0.46716914	0.36016884	0.36464918	-0.0036901813	0.21839176	-0.02097396	0.014699632	-0.2272878	0.23834307	0.036985952	-0.09438432	0.16214779	0.25896898	-0.1207888	0.015252542	-0.25723353	0.31720445	0.05511542	-0.092579775	-0.013656639	-0.209492	-0.036856852	0.09828575	-0.15992504	-0.14043374	0.16328605	0.2933747	0.13292013	-0.48274055	-0.03763472	-0.22081311	0.20263016	0.00020029384	0.12089499	0.14586173	-0.047370706	0.20319797	0.12039736	0.14017633	-0.39768246	-0.075778976	-0.16136608	0.09596069	-0.15102795	-0.19496009	-0.12296801	-0.15085252	-0.18969111	-0.4218245	0.16482729	0.13939582
-0.30377182	-0.23160022	-0.33526602	-0.0734921	0.009841306	-0.05624996	-0.14423113	-0.060553115	-0.31530198	0.13311289	-0.098508246	0.08226188	0.033862155	0.042749695	0.022720661	0.046740748	-0.20587207	0.007629729	0.175533	-0.3093441	-0.031425107	-0.283562	0.17628679	-0.2993059	-0.17436656	0.028818002	-0.015622424	0.2134256	0.017385725	-0.22137974	-0.48420388	0.111303546	0.027643198	0.11226187	-0.14029652	0.13843186	0.017614575	0.32573906	0.073851034	-0.12522142	-0.0965208	-0.25970727	0.08216333	0.19332181	-0.13222726	0.058907893	0.14287725	-0.13162987	-0.038246114	-0.19900972	0.15415657	-0.12032328	0.002122555	-0.055526014	-0.09815806	-0.0022430408	0.22732784	0.07966219	-0.025549501	0.25075284	-0.07630939	0.47761175	0.22196639	0.111288965	0.08986077	-0.021142151	0.083648734	0.0038570527	0.04575736	-0.002504065	0.37511715	-0.06832669	-0.10218047	-0.32377732	0.03789147	-0.12863076	0.017692734	-0.2429305	-0.11872386	-0.02441742	-0.024345942	-0.015702868	-0.11752638	0.13192219	-0.088663235	0.096290745	0.1474397	-0.020289116	-0.009138428	0.24052109	0.22976087	-0.3594573	0.09625212	0.22769848	-0.0140083525	0.23486316	-0.20514609	-0.052846607	0.108337976	0.08589725	-0.24545182	-0.06981175	0.124619655	0.029762939	0.09013852	0.11217893	-0.091001764	0.09875894	0.33013546	0.036910947	-0.05895838	0.24113624	0.09938274	-0.10676411	0.19627959	0.28517625	-0.054116253	0.0041076024	0.28883857	-0.10125763	-0.24038872	0.15565094	0.033689275	0.1159729	-0.2594057	-0.020099131	-0.32727435	-0.12684835
0.22937697	-0.18507317	0.038170774	-0.060188293	0.13855825	-0.09435846	0.20056206	0.25247124	0.31268087	0.10441016	0.017967418	0.17086028	-0.35712022	0.14417818	0.266468	-0.04319007	0.069147035	0.11228278	0.15916501	0.13575342	-0.34555998	-0.016788855	-0.38163424	-0.0144233545	0.12929104	0.10774065	0.006678785	-0.046941657	0.07732718	0.3655756	0.12113347	-0.17908844	0.10185895	-0.27290237	0.18044451	0.08392211	-0.02852194	0.14417304	0.019874992	-0.3010751	-0.085117795	-0.45655736	-0.15788768	-0.009072195	0.038239617	-0.010583525	0.059687268	-0.20580666	0.04067458	-0.03008014	0.07050821	0.09158884	0.067498945	-0.40139768	-0.05149007	0.15480842	-0.09148504	-0.17106184	0.13517123	0.12747204	-0.2006958	-0.50832963	-0.056234207	0.15777266	0.15581465	0.051266372	0.0010590849	-0.19187407	0.22331269	-0.35923302	-0.39768943	-0.040825624	0.15640149	0.14798902	-0.4347941	-0.12732036	0.20046568	-0.053547096	0.10951498	-0.17740358	0.22877924	-0.28349444	-0.022081356	-0.054509815	0.050542574	-0.38024095	-0.18616998	-0.22080141	0.03464493	-0.015673276	-0.30941716	-0.42210963	0.19170219	0.41736355	-0.35448933	0.11030854	0.03440809	-0.091435015	-0.15677023	0.2486011	0.013690453	0.039746396	-0.18775095	0.19653697	0.1467784	0.2221199	0.01710321	-0.503359	0.17670898	-0.31046402	0.01064795	0.14823326	0.1864432	-0.17146134	0.022916336	-0.08351928	0.22407258	-0.2520887	-0.35163826	0.11581298	0.09857775	0.06906778	0.09202964	0.1658342	-0.026950063	0.30781826	-0.15800479	0.22821255
0.04475779	0.1665034	0.063018695	0.15689573	-0.5765874	-0.2209074	0.12299923	0.2487769	0.042837746	-0.108781844	0.35777032	-0.07250586	0.09871538	0.016796522	-0.05360724	0.3447539	0.2029816	0.2931596	0.007714776	-0.33190832	0.24416956	0.12214354	0.1874181	0.15804201	-0.33267954	-0.10618568	0.15728211	0.09939479	0.14364758	0.13730076	-0.39266998	-0.025285942	0.33476657	-0.0806626	0.027938988	-0.31668237	0.08971936	-0.16119988	-0.10871241	0.18119013	-0.089236245	0.035224635	-0.583579	0.10895982	-0.052230332	-0.035437573	0.05761887	0.42198485	0.08655587	0.04467165	-0.39948505	-0.09009296	-0.008920467	0.38497454	-0.28802195	0.34397498	-0.1655148	-0.09278998	-0.20383388	0.0066551664	0.41512382	0.053943478	0.15142776	0.13769618	-0.072092496	0.20789176	0.19333991	-0.015157706	-0.018759726	-0.1272396	-0.20175596	0.000761739	-0.037912652	-0.18036437	0.3262106	-0.00352663	-0.0802073	0.1599386	0.09429027	0.18306388	-0.15434663	0.050923347	0.1975616	-0.43307623	-0.18615137	0.123064384	-0.13321584	0.14822307	-0.15787834	-0.17486069	0.424063	-0.11975824	0.19502252	-0.090084866	-0.21314391	0.044311758	0.13193782	0.05423318	-0.035668463	-0.047703035	-0.07366328	0.4494733	-0.13909936	0.17793798	-0.09223149	0.3431694	0.19794175	0.37574077	-0.13568144	0.32702857	0.090580404	0.17615207	0.4930728	0.22725673	-0.13028525	-0.04097285	0.020101592	-0.045406807	-0.287691	0.21474653	0.2253957	-0.2888486	-0.22989531	-0.39207968	-0.29783112	0.15705138	0.23956597	0.31934947
-0.04863158	0.41642052	-0.4021758	0.12186206	0.022003863	-0.391327	-0.27649203	0.16618516	-0.3800181	-0.16657394	0.18962653	-0.2783586	-0.004797453	-0.10454366	-0.4148403	-0.52041686	-0.31269994	-0.14235397	-0.08640471	0.24956642	-0.07346978	-0.06820069	0.36314112	0.12407348	-0.09536094	0.058203958	0.14092965	0.26703796	0.4560116	0.026808558	-0.05969319	0.15776949	-0.25779632	-0.083906114	-0.36253938	0.6040526	0.025115306	0.31541014	0.035959	0.1991986	0.014307741	-0.158676	-0.22850877	-0.067404404	0.11092026	-0.2511911	0.19092105	-0.19059433	0.46139133	0.04742039	0.13877258	0.034129724	-0.51352125	0.17320986	-0.30544317	0.66297525	-0.0949462	0.090560146	0.84281474	-0.15876837	-0.35896733	-0.19854394	0.29281056	-0.16635911	0.085780725	0.35348144	-0.3988974	0.3730841	0.22923686	-0.29596108	-0.3584293	0.19651484	0.222689	0.15273468	0.061907575	0.3494381	0.49927434	-0.18582946	-0.09029725	0.022688152	-0.002306409	-0.16689406	-0.3513673	0.34470305	-0.33072886	-0.23867364	0.100274846	-0.019465193	-0.13422067	-0.120236054	0.020048713	-0.53090423	0.515568	-0.23109025	-0.16401786	-0.06971143	0.25435567	0.05549969	-0.22821473	-0.18092684	0.06039973	-0.093545064	-0.29010174	-0.18615969	-0.5028803	0.08823154	0.40659866	-0.1985283	-0.03655199	-0.06459007	0.534075	0.029616106	0.016754987	0.16209303	-0.027860181	-0.21071379	-0.16958684	-0.21036272	0.29750612	-0.12041381	-0.04983757	-0.016102737	-0.1740734	0.2741052	0.012637408	-0.05691982	-0.09210744	-0.5289268
0.09998716	-0.14787063	0.3659022	0.31751198	-0.27460697	0.009516811	0.10417002	0.3876778	-0.051854115	0.24412468	0.5338246	0.15730892	0.18640405	0.47147527	-0.20574798	-0.014992577	-0.0025896272	0.045416586	-0.42868727	0.2562806	0.23157248	-0.18944193	-0.032354776	-0.37758482	-0.21669571	0.06919956	0.07196102	0.102788106	0.0840874	-0.25697783	0.6181099	0.11752498	0.22667927	0.21406762	0.43246943	0.06724937	-0.18404695	0.04763487	-0.015583807	-0.26637983	0.39126977	0.0027657927	-0.46180752	-0.20211463	-0.055074643	-0.31109053	-0.097219355	-0.13972948	0.62437344	0.32048464	-0.2552807	-0.61226475	0.13264956	-0.07287617	0.20233914	-0.17102037	-0.013611803	0.12733898	0.6320381	-0.008003191	0.2719863	-0.00807505	0.37331143	-0.03400916	-0.44230756	-0.011955387	0.14509411	-0.06843603	0.17852035	-0.08715025	0.8037489	0.8341374	0.04945923	0.25753403	-0.06656035	0.114778265	-0.16834697	-0.06408211	0.01718401	-0.7606763	-0.108826116	-0.4449368	0.17344931	-0.29194102	-0.6082048	0.012244086	0.38583824	-0.17835788	0.24054933	-0.5081785	0.33163545	-0.006608184	-0.18274616	0.031854272	0.5650704	0.2152684	0.13700508	-0.21195208	0.0787556	0.20355736	0.08594635	-0.19227731	-0.54149365	0.07216032	-0.30031195	-0.34772387	0.21072963	-0.033833742	0.2007616	-0.004139726	-0.19990294	-0.14565498	0.077982835	0.2796181	0.077529214	-0.1295671	-0.1724768	-0.22777982	0.20855857	-0.039648455	0.29655558	0.097077236	-0.07428484	0.25001627	0.14520194	0.053057145	0.02465728	-0.07914516
0.16267131	-0.39434144	0.070538305	0.17058589	0.24323317	0.12334912	-0.37872547	0.1328785	-0.40113404	0.057248913	0.016532078	0.082927346	-0.026943563	-0.041844457	-0.18535589	0.35736558	0.35358232	-0.14698465	-0.15038523	-0.1811713	0.2895477	-0.098199844	0.13286376	-0.1902519	0.047113076	0.040882528	-0.22837548	0.24689907	0.5948779	0.038185067	0.25904813	0.08229146	-0.43607286	-0.25226125	0.04165085	0.035729155	0.048434116	-0.081113495	0.47785243	0.43013063	0.24796663	-0.52403057	0.0087755015	0.22460459	0.027726484	-0.21087965	0.32345662	0.32349697	-0.009621812	-0.026108768	-0.08755295	0.027722415	-0.3601431	0.13025065	0.26166922	-0.7334935	0.23276392	0.30281958	0.10650884	0.26807436	-0.054321736	-0.033452783	-0.56914985	-0.19835249	-0.17224894	-0.22478965	0.13207042	-0.24439341	-0.597716	0.105675854	-0.09731881	-0.17114265	0.12451786	-0.2179348	0.063148215	-0.07620034	-0.09025214	0.30078688	-0.59160835	0.044699784	-0.15043339	-0.19057244	0.14769363	-0.16369563	-0.342634	-0.04410042	0.22997169	-0.1446802	0.40683654	-0.22985768	0.052700315	0.03708941	0.20244399	-0.3333616	0.29156148	0.5961508	-0.036999624	0.2634443	-0.4625006	-0.20235978	0.19198652	-0.6500987	-0.1379233	-0.23850115	0.00023598527	-0.13112262	0.13357906	0.038592044	-0.16665815	-0.13986142	0.2328675	0.13990673	-0.42169967	-0.17503634	-0.34523332	0.39289325	-0.19879492	0.06971208	0.10015741	-0.31886977	0.2855058	0.047623966	-0.1038715	0.1409352	0.12658146	-0.03390562	-0.043937366	-0.019276457
-0.5166747	-0.28718016	0.05938838	0.1085912	0.17356177	-0.6397601	-0.20734313	-0.37932435	0.16911176	0.31715137	0.54281306	0.8529529	0.22724594	1.0329816	-0.6949875	0.2383852	0.20465696	0.038367584	0.25224108	0.030297583	-0.46876666	0.28461838	-0.15593001	0.90092254	-0.1950861	-0.16494422	-0.8343796	0.10045425	0.38303593	-0.41963026	0.5859024	-0.087305136	0.47838575	0.31706253	-1.44635	-0.1440284	0.35144708	-0.49228975	0.5871634	-0.36694738	-0.56161666	0.47393757	0.25977075	1.2251796	0.20445517	0.39503947	-0.44674674	0.28560308	0.15284455	-0.21240376	0.14192687	-0.6075899	0.23891453	0.18460715	1.3010368	-0.5050641	-0.2189155	-0.27077514	0.4972115	0.056608316	0.14435151	0.11087522	0.87902135	-0.2443174	0.21822277	0.14477986	0.5491486	-0.45160493	-0.2432138	0.36935347	-0.60657924	0.02856903	-0.21941087	0.18494335	-0.3489371	-0.40067437	0.33426124	-0.33710384	-0.2524599	0.13190044	-0.24146017	-0.58331865	0.3254153	0.14395258	-0.8194598	-0.36728737	0.09874378	0.2825697	-0.34816745	-0.91435635	0.068410166	-0.13169435	0.09280496	-0.07150511	0.08559975	0.15388757	-0.46680817	0.12775148	-0.29918393	0.18728228	0.20163433	-0.19173364	-0.018843351	-0.15787289	-0.041405413	-0.39948717	0.6583933	0.48089272	-0.20274247	0.12645622	-0.2839714	-0.30388483	0.367382	-0.6509391	0.28654793	0.3723872	0.23054832	-1.5772686	-0.24835119	0.1434861	0.32459307	0.9595272	0.15803415	-0.07402062	-0.14510569	0.11800216	-0.74282867	-0.11546153
0.13064526	-0.112050496	-0.19720295	0.113970555	-0.29635388	-0.35624298	-0.31585613	0.04197677	-0.22751899	0.08292989	-0.26201713	0.4352376	-0.25979108	0.38269472	0.10837494	-0.12962835	-0.024338044	-0.067869976	-0.04889809	-0.14768422	-0.27229267	0.060542885	-0.14813729	0.44070312	0.11876559	-0.045772806	-0.041870877	0.23174395	0.13860044	-0.020433037	0.29227626	0.05977238	-0.025443839	0.124384165	-0.12219164	0.16964139	-0.29441714	0.118073955	-0.18686242	0.06850175	-0.110311545	-0.14085174	0.040720746	-0.0017320717	0.089220814	0.45931312	-0.08006673	-0.13913961	0.10280147	0.124663025	-0.24237831	-0.107868135	-0.2352729	0.13006783	-0.17234176	-0.25594807	0.5571687	0.22116753	-0.1280788	-0.035294197	-0.18519212	-0.31125566	0.052888855	0.19773522	0.09100345	-0.16730933	-0.54177636	0.17374633	-0.1380062	0.21030328	-0.21389064	-0.2579883	0.24075793	-0.2789143	-0.0011404613	0.23681119	0.33991298	-0.20259804	-0.31520373	0.23679538	0.2383748	-0.5371188	-0.18842514	0.47836167	0.20055175	-0.111221306	-0.3280786	-0.07265288	-0.14786378	0.25419548	0.048572272	-0.4542458	-0.32885295	0.07348087	-0.0030616757	-0.34008592	-0.44541976	0.17373513	-0.037731875	-0.045513768	0.5401425	-0.00349998	0.108059525	0.020227818	-0.40246522	0.14896628	-0.0065814583	0.034443628	0.34123227	0.31718445	-0.0044515384	0.02255553	-0.017650176	0.235511	0.2997104	-0.35753658	0.25280374	0.041439317	-0.45929557	-0.39450744	-0.040937096	0.25503424	0.065835066	-0.18728615	0.30181932	-0.40079528	0.025240226	0.037109267
-0.6587331	0.3688797	0.0464868	-0.01098155	0.46277145	-0.52683985	0.15813385	-0.22090177	-0.62537044	-0.12971123	0.44544563	0.067956544	-0.09766529	0.38374445	-0.8831882	0.3332578	-0.026809897	0.22206272	-0.117167346	-0.107180096	0.3302413	0.40344605	0.20313714	1.2019811	-0.4389887	0.029462242	-0.80099195	-0.11250131	0.10383508	-0.61209005	0.10329285	-1.446762e-05	-0.044684954	-0.34135514	-0.68751764	0.146169	0.10522311	0.094001986	0.2182842	0.050217923	-0.45688397	0.5948322	-0.081370264	0.32879537	-0.23623745	-0.05538029	-0.14145482	-0.16672435	0.42222512	0.11978661	-0.20156564	-0.5381783	-0.027178528	0.08356479	1.2806013	0.19235396	-0.6909234	-0.08129456	0.5920432	-0.39062607	-0.12893382	-0.36774874	0.16884731	-0.013207215	-0.1133866	-0.105446264	-0.139432	0.11002326	-0.024840808	-0.17189911	-0.5725857	-0.5682742	-0.14636385	0.5671712	0.1679925	-0.07301627	0.16520263	0.14743383	-0.38003823	0.038162693	-0.029763382	-0.6682178	0.15067796	0.073704965	-0.36827	-0.18596326	0.042264983	0.21981514	-0.11135952	-0.45679104	-0.29816467	0.2006997	0.0779692	-0.5346635	-0.05202874	-0.10048309	-0.21602494	0.40480456	0.2527325	-0.3369945	0.37042657	-0.2362697	0.16272977	-0.17916945	-0.10212034	-0.45645392	0.9796442	0.2390503	-0.3208088	-0.0897862	0.023248289	-0.09730008	0.12933673	-0.065565	0.5599385	0.25011355	-0.040271383	-1.0867555	0.29888716	-0.0046332898	-0.4188105	0.73582715	0.38703328	-0.11415477	-0.083290055	0.40161207	-0.7672758	-0.25963596
-0.5697478	-0.3765613	-0.14443076	0.3201578	0.02592989	-0.54337645	-0.4603136	-0.50478953	-0.40742466	0.13423456	0.6083707	0.5035647	0.067259684	0.76060396	-0.7453609	0.3193697	0.50704056	-0.12395314	0.3870497	-0.26615018	-0.19876435	0.4649874	-0.21895899	0.75495464	-0.009780103	-0.28559014	-0.63794476	-0.118884355	0.1506409	-0.57066256	0.114298195	-0.18347904	0.7240313	0.3159678	-1.1953696	-0.42493486	0.15002139	-0.29496434	0.4544622	-0.44168487	-0.28569934	0.50220627	0.42616972	1.1405543	0.29378003	0.12535977	-0.60317713	0.40766686	0.3824424	0.039476752	0.09514922	-0.7903414	0.22549742	0.43140423	1.1789943	-0.61778104	-0.18913902	-0.033241525	0.17700619	0.04962157	0.07680844	0.22275588	0.7502723	-0.2309611	0.011007039	0.2795086	0.567622	-0.46073353	-0.23934348	0.22588424	-0.4277381	0.014903225	-0.1034331	0.089900605	-0.09740368	-0.5526616	0.23330031	-0.21464656	-0.44246468	0.028905824	-0.11478875	-0.6126669	0.122474134	0.21199225	-0.9793389	-0.37134638	-0.18779719	0.2516033	-0.17025316	-0.59682596	0.12338904	0.04898461	0.231932	-0.3203894	0.24402675	0.18947415	-0.2611429	0.2127018	-0.009572513	0.05494825	0.31423238	-0.22893998	0.13435201	0.2320344	0.16187896	-0.26125824	0.76027423	0.4762424	-0.27001747	0.2396061	-0.14473556	-0.0011165566	0.28447714	-0.32513794	0.35699716	0.46681228	0.20756294	-1.4811075	-0.26481166	0.09552031	-0.29932278	0.79126626	0.53149414	0.055555083	-0.24422729	0.38317022	-0.87372726	-0.31640646
-0.09610824	-0.673357	0.38688907	-0.19436626	0.2902678	-0.31852347	0.19185528	-0.011885731	-0.2666963	0.13060454	0.025507916	0.20284443	0.40257055	0.012106052	-0.5978646	-0.3641766	-0.43159577	0.34415615	-0.74520725	-0.04364671	-0.13658169	-0.42179456	-0.12714417	0.4405095	-0.21046941	0.689431	0.09620432	0.023665562	-0.32081565	-0.27052563	0.17895539	0.43929774	-0.68675244	-0.047658604	0.063213214	0.27904934	0.11493314	0.06929493	0.28547448	0.039483376	0.17608348	0.048024423	0.049349226	0.1742448	-0.6009054	0.3657964	-0.07102789	-0.6184243	0.2881858	0.47923833	-0.16028838	-0.16056298	-0.5939359	0.014296984	0.4695401	0.55163795	-0.28089368	0.7134453	0.12313809	-0.662611	0.023631973	-0.3374233	-0.12200584	0.16819853	-0.116300635	0.10438219	-0.10548976	0.21348657	-0.14677532	-0.56325465	-0.5282285	-0.7072222	0.083198994	0.1057523	-0.18929328	0.26165298	-0.22985889	0.2234965	0.010797952	-0.264083	-0.23539993	-0.9010353	-0.18762587	0.04518309	0.32585967	0.014370023	0.29231563	0.10519216	0.17417297	0.17575191	-0.0867885	-0.18666995	0.25325269	-0.2972788	-0.11025911	0.026655642	-0.31898522	-0.5353459	0.22355586	0.08553509	0.15366621	0.23477928	-0.29609475	-0.06642442	-0.2610539	0.10042289	0.14665155	0.4420494	0.36253083	0.22057778	-0.039139517	-0.36704582	-0.4862377	-0.0641522	0.41406634	0.116545185	-0.046151627	-0.53861487	0.050427217	0.39639464	-0.2071092	0.52006114	1.1095628	-0.17866713	-0.2412214	0.23067598	-0.43960673	-0.47793302
-0.13342477	0.035568208	0.018874507	-0.3034352	-0.2500484	-0.18376681	0.21047246	0.19853762	0.10273923	0.2572999	-0.07106178	-0.22291422	0.11321487	-0.03561993	0.10174894	-0.19396703	-0.048415065	-0.15051031	0.10297644	0.19098438	0.14392315	0.071630746	0.24283461	-0.011592288	0.06662759	-0.18625589	-0.016376887	-0.0068943757	0.21667126	-0.10932859	0.0011728336	-0.014958049	0.00678722	0.18317683	-0.23558919	-0.19045061	0.13490143	-0.009912104	-0.58024573	-0.092629984	0.0717942	0.05142712	0.1348788	-0.13308781	-0.027972315	0.42027375	-0.0667996	0.040563755	-0.0031074763	0.1935476	-0.18047775	0.14478213	0.1168906	-0.17066143	-0.09726976	-0.18079287	0.08105604	-0.040284857	-0.0558457	0.10850943	0.2571229	-0.12764679	0.12249844	-0.12270085	0.05327083	0.1948002	0.055685677	-0.07371703	-0.0537286	-0.07061784	0.16410112	-0.060321167	0.06266832	-0.06128294	0.05510639	-0.090826906	-0.0048787524	0.28539106	0.0983117	-0.34869766	0.026108166	0.12139236	-0.072486475	-0.12764986	0.080345556	0.27804035	-0.08112993	0.19907534	-0.25583634	-0.17328951	0.13403215	0.3626846	-0.17213896	-0.17166497	0.19313174	0.24239936	-0.024271324	0.073733464	0.25961658	-0.14457437	0.16440459	0.09901174	-0.19036834	-0.21849923	0.011339958	0.17836225	-0.19336706	0.01620053	-0.14828545	0.3712092	-0.06290473	0.22788772	0.117963955	0.21082799	0.3143624	-0.21109594	0.27265042	0.09205154	-0.07940613	0.19062398	-0.12852944	-0.3697541	0.06295877	-0.3670629	-0.01555093	-0.124421574	0.38271922	-0.060194816
0.49093992	-0.013434873	0.07929274	-0.06950285	-0.24390605	-0.2906292	0.17289121	-0.010760711	-0.37618488	-0.09225116	0.4024611	0.32354107	0.105879	-0.4050939	-0.4076146	-0.73591447	-0.076650135	-0.75030977	0.10526269	0.0299384	-0.22677135	-0.38162783	-0.2006485	1.0166165	-0.030695926	-0.26215625	0.13300133	0.19284528	-0.14837258	0.29373455	-0.102425426	-0.17746773	-0.045131877	-0.21680449	-0.46797562	-0.14225915	-0.1313113	0.43794373	0.19662693	-0.3529474	0.08643785	0.04313021	0.37797946	0.023778599	-0.114220925	0.2911266	0.05018219	0.035044324	-0.027145958	-0.07550587	0.0051483507	0.015979681	0.07375208	-0.3293755	0.13597575	-0.23465234	-0.15180336	0.044113565	-0.087224945	0.26923567	-0.022223826	-0.19681986	-0.64099383	0.09663592	0.34853315	-0.28348356	-0.19837777	-0.15714143	-0.23432776	-0.10764348	0.093532346	0.40431195	0.38012123	-0.36021182	0.20524915	0.24129657	0.2608642	-0.09953764	-0.44348496	-0.015515086	-0.020887395	0.14536121	-0.81635547	0.10442256	-0.3751466	0.51704484	0.2082491	-0.13769512	-0.061401978	-0.10849158	0.239628	0.37992087	-0.010886868	0.30775076	0.19248001	-0.3811212	-0.19246992	0.13423653	-0.027929656	-0.018979738	0.31628928	-0.053740054	-0.046499074	0.32721034	-0.48997825	-0.2618005	0.1827846	0.00026743347	0.058782186	0.07131666	-0.04866249	0.06266093	-0.014815304	-0.19121082	0.21591516	-0.028327981	0.11643125	-0.32417104	0.36674532	0.40938777	0.27233192	-0.15841033	0.508164	0.24438271	-0.06532353	-0.17501166	-0.24321526	-0.19849516
-0.36711657	0.028587682	-0.19361068	0.12518609	0.18608004	0.6359407	-0.082786456	0.118719086	-0.077197134	-0.54348874	-0.07464721	-0.22383179	0.27034667	-0.03359263	-0.056714095	-0.30988827	0.33995354	-0.33233893	0.031934593	0.3899043	0.21222787	-0.07760091	0.2760606	0.40956554	-0.11011529	-0.16187926	0.060878854	-0.4653324	-0.1965922	0.002157834	0.16604014	0.0067092925	0.41781327	-0.78761905	-0.44893363	0.26514703	0.16459917	-0.30390403	0.33096322	0.39092186	0.02799117	0.42522544	-0.017963577	-0.4754022	-0.26734483	-0.10095231	-0.05177424	-0.26522934	0.041919	0.56804967	0.0038540734	-0.58652604	0.29303065	0.06071766	-0.14113864	-0.21169604	-0.15218621	0.3534638	0.57488155	-0.6154816	-0.44969612	0.13094418	-0.22980496	-0.03861701	-0.3856432	-0.14340314	-0.6912441	0.48072758	-0.44949222	-0.21286064	-0.5487336	-0.11628709	0.24300075	0.8050953	-0.2217533	0.33959138	0.42864037	0.28704426	-0.7067707	-0.05332688	-0.21156994	0.16008124	-0.21666487	-0.16235146	0.42356285	0.094670884	-0.2114959	0.10665991	0.088018894	0.010503871	-0.10784117	-0.07016157	0.3214765	0.01311987	0.078289695	-0.1721322	0.23567933	-0.31844792	-0.41444665	-0.15723889	0.27955592	-0.65591353	-0.3776359	-0.5778322	0.12665412	-0.2904674	0.35925382	-0.05196646	0.01784294	-0.02593832	-0.45453453	-0.093012825	-0.13269147	-0.26026487	0.47610316	0.075516835	-0.3903734	-0.37443262	0.26001015	0.08369653	0.09849406	-0.04441138	0.26724702	0.07260774	0.1618788	-0.078256585	-0.074515805	-0.89666694
-0.045849863	0.22171408	-0.14358	0.034669697	-0.2563817	0.52020353	-0.34622997	0.11730451	-0.2572739	0.25278607	0.39013654	0.2877238	-0.13277082	0.14261626	-0.27289933	0.16793258	0.01092231	-0.49193335	-0.15567288	0.19320594	-0.23037143	0.23037244	0.0056447135	0.45744932	0.07409007	0.15421587	0.29212487	0.069539726	0.44417623	0.22673707	-0.17424193	0.15120026	0.17898811	-0.26228863	-0.19184525	0.43654165	0.22977155	-0.13462815	0.052177954	0.19300443	-0.06001625	0.1557458	-0.19506454	0.40109614	-0.19767728	0.19435039	0.31430537	-0.12513265	-0.10151061	-0.081902385	-0.15603885	-1.1582801	0.18660271	-0.3661359	0.17734866	-0.108958565	0.4286599	-0.058030486	0.35034904	0.17189077	-0.3764474	-0.19772956	0.47163415	0.07582577	0.044214025	-0.48419756	-0.3060536	-0.12027914	-0.050319076	-0.25754058	0.10524478	-0.10381974	0.1835952	0.23763454	-0.08237785	0.42060906	-0.1268001	-0.14234692	0.0030541685	-0.19702703	-0.20871708	0.2872283	-0.07758475	0.021771971	0.16842404	0.10553759	-0.13386896	0.0968637	0.25704384	-0.74887395	-0.039708655	-0.04197682	0.14281903	0.04380699	0.17290671	0.28560835	-0.38316733	0.08671141	0.10715079	-0.12901926	0.12981705	-0.47274926	-0.20489441	-0.38344628	0.112105615	-0.09678896	0.114571355	-0.24013303	-0.20706171	-0.13037819	0.2092148	0.0127654625	-0.079581425	0.29732695	-0.0631682	-0.17628676	-0.14485115	-0.053679194	0.13513054	-0.10348794	0.03986098	0.04926894	0.063063756	0.0046264976	-0.04233043	0.043255232	0.025809597	0.418066
-0.4893003	-0.19390744	-0.018092679	0.34678364	-0.013681824	-0.40590283	-0.34142214	-0.25042105	-0.31878358	0.08723095	0.4044135	0.32852912	0.05475379	0.6619899	-0.5469521	0.420297	0.38155863	0.24925748	0.33194324	-0.14859329	-0.109422915	0.40965578	-0.12739038	0.8527699	-0.3708796	-0.017851546	-0.6488618	0.015829066	0.34136808	-0.35098287	0.41970307	-0.06995604	0.3241323	0.20997827	-1.0400566	-0.16849095	-0.007358334	0.038460784	0.49082574	-0.098112136	-0.35525465	0.45643994	0.13348468	0.8399669	0.21325324	-0.063816875	-0.4704702	0.2406038	0.36691463	-0.0842825	0.24605562	-0.5373798	0.22391938	0.27488708	1.3584032	-0.24684669	-0.427421	-0.2907036	0.57535255	-0.035832115	0.09281888	-0.15723118	0.650349	-0.0888102	-0.056768328	0.064884946	0.34276775	-0.2899679	-0.26822883	0.068424284	-0.29205796	-0.28597686	-0.19670579	0.1767672	-0.27997833	-0.23618993	0.1453004	-0.23680843	-0.40529191	-0.024143212	-0.097248375	-0.5715841	0.3280231	0.019243164	-0.86627287	-0.2932569	0.11775473	0.39786974	0.022918437	-0.4971597	0.03601462	-0.10160502	0.36060598	-0.21344753	0.07865604	0.09918363	-0.39063355	0.20463456	-0.010136388	0.13416591	0.3426569	-0.40922603	0.05431774	-0.10949974	0.21647221	-0.13248119	0.8100186	0.48185322	-0.18755606	0.012131477	-0.028588008	-0.02628848	0.32726932	-0.13944887	0.42292187	0.2970235	0.22905952	-1.4799937	-0.030737221	-0.27776146	-0.1782486	0.72557294	0.2972963	0.18500835	-0.55825126	0.59992564	-0.49196708	0.022061098
0.50592214	0.1295793	-0.39504504	-0.11395456	0.40654773	0.19244543	-0.34529743	0.37365165	-0.25068584	-0.33967608	0.15165721	0.17209218	-0.1505677	0.031419117	-0.39301533	0.37833577	0.057076264	-0.19943216	0.21767631	-0.15414944	0.23587713	0.14614469	-0.5037083	0.30383244	0.046111874	0.22271653	0.2731369	0.11486945	-0.25368893	0.4128183	-0.18614827	-0.060095843	0.20142826	-0.46631372	0.32903755	-0.043004658	0.06746907	-0.49958107	-0.24294634	-0.43409216	-0.02153048	-0.26043996	-0.015126811	-0.004414288	0.1749679	-0.20782599	0.1255332	-0.23720916	-0.40699288	0.040056575	0.08439192	-0.14392313	-0.0580676	-0.13972296	0.43985742	-0.18521456	0.14362955	-0.03815904	-0.12154719	-0.11035749	0.15625183	-0.28916654	0.17229989	0.18087572	-0.17885675	-0.10449479	0.38957396	-0.0030166344	-0.10181631	0.10722	-0.07005597	0.11933754	0.06934618	-0.07533433	-0.10203349	0.078941844	0.0057118684	-0.040017355	0.05554595	-0.2907445	0.21791682	-0.20281602	-0.14777099	0.05115219	0.04001159	-0.119504265	-0.27015635	-0.28329673	-0.10351696	0.116276234	-0.21732849	-0.22601725	-0.17653728	0.04743227	0.3358259	-0.01096922	0.1613716	0.006660194	-0.06834634	-0.17948462	0.3158213	-0.047619507	-0.06620449	0.18933627	-0.04334928	-0.40695485	-0.2429154	-0.27225393	-0.23941752	-0.10499305	0.2532521	0.0044747675	0.05948314	0.032448694	-0.39079934	-0.21043505	0.18626873	0.08036045	0.30246	-0.20795295	0.6382466	-0.22842063	0.19816178	-0.075358	-0.031012328	0.064480625	0.23802787	-0.23017214
0.021378735	0.039513357	0.099524245	-0.24006794	-0.054896995	0.024677852	0.08604754	-0.06531615	-0.01867926	0.17779075	0.05199922	0.2760963	0.1477991	-0.18436916	0.022331163	-0.006513476	-0.11092074	0.15598826	0.011651379	0.0606942	0.18960297	-0.3477397	-0.088088565	-0.15491277	-0.09145577	-0.31032574	0.026437527	0.2280234	-0.1692976	0.18398131	-0.44605562	0.10957306	0.1249639	-0.116811536	0.14386022	-0.13595681	-0.35416898	0.017290058	-0.04215446	0.09061844	0.07091947	0.0074351416	0.037490405	-0.0679983	0.025114816	0.16589157	-0.018294586	-0.17582561	0.0107688755	0.64711386	0.32028386	-0.07468875	0.16431928	-0.22394018	0.3163915	0.23990165	0.49055582	0.034268845	-0.3769486	-0.78447384	0.034568276	-0.19065292	0.22154078	0.5686126	-0.009301367	-0.17226087	0.100309774	0.072183825	-0.4542666	-0.40273535	-0.09426989	-0.4483363	0.0027318085	0.41231957	-0.24865416	0.30742207	-0.2177375	-0.22638392	-0.14628655	0.22839957	-0.14071384	-0.0024831013	-0.19705164	0.16862004	-0.04904521	-0.6003453	0.33645007	-0.069259934	0.2754593	0.07914779	-0.07157898	-0.038459342	0.4356199	0.3640349	-0.16319528	-0.10671725	0.18362677	-0.10040886	-0.23389414	0.12693232	0.12246561	-0.33677444	-0.008200714	-0.33461505	-0.14378853	-0.02249651	0.050446294	0.4326735	0.0048906603	-0.11966949	0.03408183	-0.22283123	-0.22695419	-0.08745875	-0.22241636	-0.0024387091	-0.16775382	0.12575875	0.17695156	-0.15043736	0.041903056	0.126825	0.18170846	-0.10044691	0.020278279	-0.24007262	-0.012916166	-0.3946793
0.20813856	-0.030197099	0.26014918	-0.4115721	-0.26661903	-0.8060073	-0.19185324	-0.4288319	0.01664679	-0.09833305	-0.007902379	-0.02262983	-0.090171985	0.022722147	-0.025110884	-0.012684947	-0.0870635	-0.63698775	-0.27267787	0.4829444	-0.18513204	-0.06355995	-0.07272222	-0.0010575713	0.32865667	0.13429935	0.018713731	0.6789195	0.09592533	-0.17545503	0.3416361	-0.058742724	-0.12936747	0.06255393	-0.2916398	0.42128244	-0.5667766	-0.2757579	0.28250426	-0.27537394	0.0646179	0.18821639	-0.8611145	0.60720664	-0.9149651	0.12607549	0.3147758	0.24639729	-0.03904837	-0.5035522	-0.09991111	-1.0362023	-0.03097234	-0.07644079	-0.40173727	0.0103901075	-0.097967856	0.03326095	0.35226935	-0.40258288	-0.43981066	-0.109796666	-0.093458675	0.2537736	-0.168438	0.033164766	0.3743623	-0.39322492	0.03031819	0.0866933	0.11323759	-0.10035981	-0.2994736	0.031993188	-0.4369276	-0.31257424	-0.019801853	-0.001439166	0.1172296	-0.21417993	-0.46381608	-0.082147405	0.31377536	0.016317468	0.0144947	-0.1784875	0.7659974	0.062118486	0.0938399	-0.3334145	0.062044762	-0.28982347	0.98878986	0.016510645	0.07379941	0.12715885	-0.1257091	-0.11056516	-0.33789065	0.5735931	0.23642218	0.24706604	-0.14165209	0.3972052	0.05937002	-0.1007107	0.01764527	-0.07109614	0.25426674	-0.19280228	-0.15555416	-0.0155083975	-0.77881837	0.0641389	0.1927345	0.13551565	0.20636526	0.038953476	0.086303666	-0.21871296	0.11514484	0.27883378	-0.3576168	0.16798808	0.22393562	-0.12991714	-0.23621568	-0.27415544
-1.283095	1.3340127	-0.3004514	0.42013955	0.3317767	-0.6746064	0.6803084	0.049818065	0.21919233	0.56970704	0.64428574	0.28599295	-0.7152075	1.2107877	-0.15715645	0.70664734	0.8054228	0.17508376	1.0556929	-0.101402014	-0.37000182	0.24741393	0.2969343	-0.19417329	0.32903177	-0.18085675	-1.7342453	-1.1759064	-0.66832286	-0.4169331	0.2935422	-0.32114688	1.5563139	-0.26174292	-0.39844307	-0.92289007	1.18923	-0.8521225	0.11725884	-1.2174464	-0.94434553	0.35540366	-0.6951747	0.89491683	0.25439653	0.06743967	-0.7154668	-0.0686122	-0.19886868	-0.48763293	-0.9029185	0.06090059	0.42186683	-0.2829277	0.3877116	-0.13427241	-0.68244475	-0.2788258	-0.7761855	0.4947243	0.08424268	-0.48443976	1.25374	-0.020037308	1.6090422	-0.36209056	0.50771046	-0.02770802	1.495557	0.04323815	0.39099228	0.50208235	-0.6491851	-0.24067393	0.73010254	-0.6969185	0.3922527	-0.9205895	0.31383407	0.9192173	-0.045394268	-0.45570573	-0.11048462	0.43225828	-0.92795795	-0.4352906	-0.52530587	0.13329226	-1.4244754	-1.519917	-0.69511795	0.6997212	-1.1481451	-0.49019098	0.10386956	0.4102271	-0.89890105	1.2505288	-0.109473914	-0.40014187	-0.24613039	0.66686904	1.016519	0.2084436	0.550503	0.104095966	-0.16332337	-0.45489147	-0.35845065	-0.13545895	0.36614928	-0.6766973	1.0028161	0.5962092	0.06959035	0.24573795	-0.34264538	-1.0954187	-0.39117858	1.1967696	-0.6816785	0.58356863	-0.2121636	-0.8463717	0.122581385	0.5044201	-1.0360111	-0.043975037
0.07583931	0.21772139	0.23617178	-0.22251487	0.09732012	0.23113532	-0.34617904	-0.01205209	-0.33441964	-0.3432831	-0.043150917	-0.53502035	0.118034706	-0.4336552	0.102806	0.30499464	-0.2114189	-0.27847186	-0.27914643	-0.47718605	0.27641645	0.38961536	0.2467622	0.019215006	-0.16279683	-0.44340193	-0.41547424	-0.46669334	0.038840838	-0.29241267	-0.10196123	0.089660764	-0.29822424	0.32005343	-0.031511575	0.17577352	0.24013922	-0.10031673	-0.028687337	0.34337717	-0.101912074	0.08973918	-0.24791248	-0.52006966	-0.30969796	-0.0640327	-0.33673477	-0.070338175	0.2623387	0.28265026	-0.12493961	0.084401995	-0.17416978	0.6029133	-0.38642445	0.33234096	0.13085102	0.08653281	-0.07847567	-0.36582762	-0.1472413	-0.019883918	-0.16375412	-0.12290165	-0.10662876	-0.21092556	-0.3819415	0.12768236	0.12041954	0.21653588	-0.008933941	0.23799028	0.539365	-0.08700305	0.43480587	0.010247037	0.042732645	0.41223413	0.067020625	-0.034978565	-0.042329337	-0.06262939	0.08288303	-0.07340475	0.38468286	0.0030958636	-0.13928677	0.0456301	-0.09926712	0.20109391	0.27878258	-0.024011979	-0.13273107	-0.41370344	-0.10875971	0.2695726	0.3209054	0.093578644	0.5232732	0.13894492	-0.091280654	0.104732476	-0.23357199	-0.06248062	-0.33302686	0.06181819	0.3365111	-0.1818011	-0.19718818	0.042706706	0.011488821	0.051534582	0.056957185	-0.09993873	-0.42906827	0.10018734	-0.105484605	0.16048618	0.23841278	-0.005817055	-0.14457291	-0.09106575	0.11897127	-0.017664228	0.16630572	-0.3077871	0.06540579	0.39719447
-0.5834475	-0.37624416	0.113032185	0.118260965	0.44728774	-0.9173575	-0.15094467	-0.49406597	-0.82492495	-0.3773548	-0.46551526	-0.06346233	0.56021196	-0.5110809	-0.5789251	-0.121586956	-0.46674234	-0.021342041	-0.3755901	0.14453967	-0.29381773	-0.10211169	0.11825123	0.6105239	-0.45624685	0.4016623	0.07755985	-0.041232504	0.5328303	0.11871777	-0.06385822	0.19941936	-0.255432	-0.45152196	-0.7349966	0.63203347	-0.3591991	0.22058335	0.8371014	-0.22359034	-0.04174226	-0.5593159	0.110605076	-0.19062111	-0.31329036	0.036592163	-0.37211922	-0.3063665	0.60119826	0.18355472	0.55584866	-0.09265471	-0.41715834	-0.2819469	0.06884836	0.47003722	0.15557203	0.5854192	0.6648348	-0.30432218	-0.9500229	-0.10993892	-0.2210288	0.5120407	-0.43390235	-0.2739019	-0.10714609	-0.17254286	-0.4262472	-0.5160112	-0.0916848	-0.19639634	0.43824303	0.5024506	0.049166504	0.48709276	0.28111684	0.5451427	-0.9860323	0.16021895	-0.16231237	-0.61558384	-0.31762168	0.53123343	-0.4434891	0.29315415	0.1797101	0.39249432	-0.4468831	-0.24770845	-0.67723924	0.42043498	0.10466335	0.16344947	-0.5777059	-0.21583095	-0.55514634	-0.19181302	0.0696792	0.03152576	0.07241588	-0.2571217	-0.3508616	-0.74297214	-0.7010269	0.5574048	0.23959164	0.1315857	0.003324616	0.07265992	0.6744	0.05743576	-0.029038515	0.18085478	-0.028917698	0.47715577	0.44781023	-1.0187794	0.31126675	-0.20902771	-0.50581884	0.41394365	0.11577315	-0.13794814	0.7398099	0.120683916	-0.8648671	-0.15783541
0.23956196	-0.35244757	-0.095548175	-0.10976911	0.1998313	0.0759284	-0.13757654	-0.5991732	0.082553826	-0.8899677	0.041641474	0.04022385	0.080949254	0.002419284	0.084990084	-0.23519401	0.10581041	-0.19198938	-0.4794245	0.12713087	-0.43839738	0.26617232	-0.16607694	0.22763187	0.18008886	-0.1260527	0.30192855	-0.21494849	-0.03601143	0.24474326	0.448463	0.033799693	-0.07820063	-0.35699448	-0.16411111	0.3735219	-0.51945865	-0.020973243	0.34766996	-0.29500392	-0.21094602	-0.15075777	-0.12364111	0.030760983	-0.64833426	-0.70869654	-0.22670813	0.06596047	0.46534112	-0.053229623	0.3582163	-0.10456686	-0.32019526	0.2991459	0.17130522	0.28419966	0.51604444	-0.1772609	0.44201893	0.34236327	-0.25365892	0.18498884	-0.026107935	-0.14777668	-0.07808129	-0.2097911	-0.14054942	0.59710896	-0.4996664	-0.07488898	0.1639643	0.5275276	0.2166514	0.44214547	-0.10920794	0.010111593	-0.056101102	-0.09510764	0.08944452	0.0665284	-0.33048517	-0.37214574	0.18753812	-0.076774135	-0.8229269	0.14307275	0.4522166	0.3037306	0.436668	-0.07479543	-0.05243722	0.06523696	0.33164167	0.42602143	-0.17672165	-0.32945073	-0.16350028	-0.40703523	-0.62026966	0.0027628143	0.5684656	-0.25449982	-0.43479514	-0.5664152	0.09111083	0.37457174	-0.38738656	0.049423907	0.21094	-0.23446144	0.39813307	-0.05356108	0.47219303	0.12350999	0.90534836	0.47466028	0.40479517	-0.24995513	0.35934353	0.1804998	0.08879317	0.37089446	0.8120017	0.32431397	0.4356357	0.3805379	-0.4763291	-0.20452619
0.031045519	-0.3503778	0.029905712	-0.052227277	0.15704952	0.19387357	-0.00548995	-0.21562983	0.17000078	-0.21143416	-0.10852329	0.004515417	0.098001525	-0.3610236	0.007826853	-0.26891714	0.2311421	0.00405661	0.25494838	0.061073888	0.1767363	0.15741302	-0.1929117	0.06217022	0.27158976	0.359599	0.45372772	-0.1361644	0.7644329	0.17258027	-0.3248792	0.22483312	-0.41892132	0.033823796	0.049218323	-0.08468383	-0.21980695	0.6981781	-0.14913583	0.13756312	-0.009696	-0.18119986	0.14728846	-0.20067368	-0.3899831	-0.1761636	0.13769607	0.10979863	0.06751477	-0.02977278	0.27733898	-0.2502623	0.029527204	0.210354	-0.021099158	-0.13459904	0.23088059	0.198358	0.045380548	-0.42777774	-0.29903358	0.45903704	-0.064246245	0.1589872	0.07788486	0.11553971	0.27282718	-0.011742375	-0.62414473	-0.020869609	-0.10876932	-0.46608114	0.045817975	0.15449844	0.18433717	-0.011359059	0.490625	0.37020314	-0.43682653	0.12098125	-0.2665864	0.021330869	-0.21098743	0.17294706	0.3868681	-0.207673	0.13737263	0.12465852	-0.050629675	0.05704672	0.044235457	-0.15864718	0.04905842	0.033928428	-0.31891385	-1.1319025	-0.12312758	0.2654818	-0.38961184	0.22847566	-0.043423913	-0.20363826	0.25104415	-0.27396095	0.033489957	0.12547615	-0.013097957	0.2652801	0.20833291	-0.417558	0.081571124	0.23472653	0.14439695	-0.254223	-0.1399054	0.466523	0.074673355	-0.26092738	-0.17260247	-0.2435897	-0.18297602	0.19155537	-0.19933392	0.3122475	0.011019365	0.070184834	-0.8073741	0.20775646
0.2914758	-0.039467104	0.3546446	0.014095153	0.16874285	0.15618002	0.033981815	0.2866888	0.07747724	0.27874038	0.40129337	0.29246175	0.08993716	-0.04921333	-0.48343563	-0.31143904	0.08537773	-0.05713214	0.105350256	0.25241214	0.26753432	-0.24929233	-0.15135784	0.117976636	-0.32209098	0.1497717	0.29307902	0.2755909	0.33581296	-0.1400565	0.54803336	-0.18549545	0.2132437	0.18806164	0.053343143	-0.2481343	-0.13150355	-0.031388685	-0.009969411	-0.19452906	0.17134032	0.08128935	0.37394816	0.05297319	0.11556254	-0.72628075	0.20954245	-0.11441758	-0.025400661	0.07225494	0.48907536	-0.018161811	0.11879494	-0.18861268	0.08042493	0.10866165	0.22358665	0.09211323	0.009655204	-0.0064939233	0.17022677	0.13877665	-0.1891561	-0.084311604	-0.15783525	-0.21655485	0.054212485	-0.053769488	0.016730877	-0.10370037	-0.15165953	0.20649451	-0.2585951	0.054077514	-0.02399225	0.118999176	0.0858209	0.031632368	0.12494449	-0.112159155	0.19354486	-0.10291308	-0.30127266	-0.08738929	-0.04104965	-0.086824484	-0.10818628	-0.14957425	0.06495163	0.25224122	-0.32420433	-0.20627668	0.31341332	0.12919751	-0.24224205	-0.02594486	0.044066384	-0.091707215	0.010937093	-0.10967161	-0.46625337	-0.29680237	0.17552114	0.076186135	0.4777613	-0.18459223	0.27483776	0.27626425	0.008185292	0.2999324	0.22842254	-0.3358286	0.25562227	0.052492462	-0.11395697	0.45738283	0.2284434	0.07017402	0.03553752	-0.44927737	0.4461347	-0.032906517	0.5129703	-0.065093845	0.07355348	-0.0315759	0.17841215	0.030784525
-0.41575223	0.47833368	-0.17830233	0.45867205	-0.06591228	-0.6227692	-0.04222436	-0.5557631	0.17311904	0.054095306	0.5731076	0.32254377	0.020750947	0.78195554	-0.47602832	-0.039374817	0.5933167	0.2028806	0.1070549	0.07972535	-0.487352	0.37032315	-0.21873178	0.55749047	0.1638138	-0.3163028	-0.39225844	0.114359275	-0.09436973	-0.5278196	0.10024028	-0.042710483	0.56739414	0.22628973	-0.95681894	-0.22787142	0.16908444	-0.40712965	0.41077366	-0.5390172	-0.20379758	0.6047639	-0.24492106	0.7857778	0.3403437	0.067611374	-0.21285869	0.22658041	0.24827464	-0.15573929	0.13342145	-0.55112475	-0.12203074	0.12582968	1.1639333	0.106709346	-0.03304249	-0.4500604	0.49557927	0.22673045	0.055406056	0.30101523	0.78017664	0.16434847	0.13168406	0.12455424	0.70187587	-0.72687644	-0.29770145	0.3658323	0.002869722	-0.21531887	-0.13803713	0.28762278	-0.23674412	-0.29718173	-0.09025915	-0.39523834	0.010280533	-0.030654153	-0.060177837	-0.46078786	0.14280137	0.17086121	-0.9471294	-0.3002492	0.151706	0.28239757	-0.15457974	-0.5897383	0.047594503	0.062472586	0.060439795	0.05804733	-0.026089175	-0.10675803	-0.24030662	0.08172064	-0.28716823	0.04558252	0.14437541	-0.32373098	0.0763929	0.20378287	0.20255883	-0.090196975	0.7125577	0.23974997	-0.203008	0.06013005	-0.2487008	-0.06999983	-0.2217017	0.043613028	0.4961979	0.27622157	0.29530603	-1.6865892	-0.47882006	0.3393379	-0.82501656	0.7061084	0.24384028	-0.023227358	-0.46538344	0.14280507	-0.8681449	-0.61177677
-0.59449154	0.08562709	-0.2765925	0.24743237	-0.0070255464	-0.5548331	-0.117524065	-0.57586545	-0.1184633	-0.19149981	0.31616363	0.22923501	-0.14759172	0.7461561	-0.32941145	0.2313687	0.6986431	0.22254558	0.24918589	0.255251	-0.5416884	0.60850924	-0.13947648	0.7435384	0.14113092	-0.4546364	-0.40191865	-0.032416664	0.06539569	-0.4722528	0.14007758	-0.14744331	0.38138357	0.38187692	-1.308679	0.027948366	0.0009751967	-0.0431737	0.23312624	-0.06532548	-0.011344673	0.49385008	-0.37329355	0.84438485	0.19503017	0.06262367	-0.289177	0.23058145	0.4034806	0.047687728	0.051237978	-1.1064936	0.016330147	0.28640208	1.3254846	-0.024737976	0.15384166	-0.20313884	0.42878988	0.12561774	-0.19059534	0.4194119	0.8334422	0.10491739	0.1750589	0.09538539	0.29165113	-0.97498107	-0.6653911	0.35726562	-0.12887743	-0.32962963	-0.19588335	0.36560938	-0.17298414	-0.33009413	-0.011663304	-0.04004147	0.016559359	-0.024622038	-0.19461273	-0.5677332	0.20082107	0.21468444	-0.995032	-0.64560956	0.1682075	0.26027504	0.015090933	-0.43750596	-0.011380998	-0.094684966	0.25436926	-0.2516371	-0.11008344	0.3499197	-0.015173481	0.26247936	-0.22356261	0.04398182	0.21280342	-0.42862222	0.13652873	0.19153343	0.382133	-0.2984844	0.8895667	0.40155414	-0.43844244	0.055671025	-0.16729102	0.036716897	-0.06199148	-0.25947905	0.2322805	0.13492587	0.3601348	-1.6554016	-0.45645913	-0.17993712	-0.61640894	0.6780871	0.12417311	0.23983425	-0.47667882	0.20045492	-0.6726501	-0.5697717
-0.47726148	-0.14939466	-0.13959001	0.18947972	0.15189534	-0.70973295	-0.13358301	-0.29261047	-0.31147277	-0.02681875	0.5657525	0.3247181	0.0024563607	0.6162096	-0.6299803	0.20269813	0.063410744	0.047743075	0.36594924	-0.008879198	-0.020795122	0.45120612	-0.102931306	0.9152007	-0.26716992	0.010281822	-0.752344	0.15367326	0.16839838	-0.55636084	0.46900636	-0.13723968	0.17794992	-0.012429693	-1.0098064	-0.20445289	0.06727955	-0.19371632	0.16852802	-0.2193071	-0.68152976	0.6867917	0.32312745	0.92847574	0.17156376	-0.001299272	-0.41665414	-0.064245515	0.37043965	-0.19159777	0.11044791	-0.63493216	-0.036264792	0.20767573	0.99677044	-0.09410872	-0.6013295	-0.14985636	0.44109643	-0.12643504	0.04577554	-0.34545103	0.510527	0.0555988	0.21860853	0.2605051	0.1202521	-0.2920791	-0.011867087	-0.010482624	-0.8702724	-0.1206353	-0.33926418	0.3021592	-0.2547	-0.11122079	0.122254394	-0.06752184	-0.21077052	-0.044970352	-0.015608134	-0.40122154	0.13197576	0.2569919	-0.47064635	-0.30396217	-0.19325615	0.13144158	-0.12388807	-0.5578533	-0.09542768	-0.20243782	0.2852778	-0.338601	-0.016407007	0.1575484	-0.33751953	0.22137414	0.09797595	-0.22612934	0.27105394	-0.14697626	0.01940288	-0.066548534	0.4524492	-0.2813281	0.7036863	0.39137536	-0.15195997	0.06406638	0.022547264	-0.3531431	0.112991795	-0.16107345	0.45997983	0.23953943	0.19021942	-1.2785932	-0.053101715	-0.05426576	0.0063366233	0.85711646	0.3561087	0.08561645	-0.4540669	0.16287577	-0.6704547	-0.14515147
-0.71294457	0.08494833	0.117481425	0.09076946	0.17165396	-0.550447	-0.0964577	-0.1307255	-0.42575556	-0.17668709	0.14779025	0.103425674	-0.016608898	0.575382	-0.7234932	0.15423644	0.1935351	0.34628764	-0.007037365	0.083903834	-0.086405665	0.4436517	0.0831035	1.0857524	-0.3106255	-0.035361007	-0.46408868	0.060658667	0.24276812	-0.44847593	0.25513446	-0.23579441	0.095757335	0.04840096	-1.06345	-0.06493832	0.34533495	0.035635844	0.46543366	0.18234085	-0.39261454	0.6000271	0.113772966	0.43879518	0.10770675	0.12643309	-0.09989349	-0.38494676	0.26393256	0.0070847888	-0.03879359	-0.80975664	-0.20634991	0.25749594	1.314716	0.0026313274	-0.4011403	-0.13369201	0.5064442	-0.3031773	-0.045285862	-0.020522626	0.41734952	-0.08257643	0.20596382	0.10560329	-0.092933245	-0.17570467	0.053401023	-0.23202376	-0.59660244	-0.5974106	0.072083555	0.4034046	-0.13403627	-0.031506825	0.5066034	0.14760242	-0.32978442	-0.02621051	0.010801434	-1.0009378	0.06069608	0.12371438	-0.37415403	-0.24482249	-0.23104993	0.3650957	-0.13111746	-0.14561388	-0.4002899	0.05201359	0.14257522	-0.5595091	0.1633729	0.15226257	-0.24309166	0.20277555	0.12632664	-0.44454792	0.2596729	-0.40096876	0.032141138	-0.23634152	-0.013765162	-0.13983698	1.1823428	0.20575745	-0.24859248	0.06694352	-0.011178168	-0.05323117	0.100981176	-0.13007925	0.5400955	0.0535943	0.19131276	-1.4231217	-0.25795448	0.1746459	-0.5350862	0.90995383	0.5289832	0.19215819	-0.13761997	0.41062704	-0.8962734	-0.40977702
-1.0665498	-0.26675212	-0.0566391	-0.1542241	0.14619936	-0.33430114	-0.49863866	0.0142145865	-0.9213114	0.1463643	0.48835078	0.40728298	0.052625854	0.60886574	-0.7665797	0.41206804	0.3659828	0.3131379	-0.12031829	-0.3813239	-0.28127515	0.08317134	-0.13195525	1.1335415	-0.44032335	0.20944364	-0.5703127	0.010727863	0.3222245	-0.6316766	0.41469654	-0.22172177	-0.21371797	0.4418463	-0.677912	-0.51744753	0.29600337	-0.33576122	0.57228094	-0.15725179	-0.1369907	0.38340506	0.08565265	0.74955153	0.20638774	-0.10728614	-0.19434504	0.09460866	0.05768541	0.36960047	-0.024675312	-0.6834801	0.10706446	0.30363417	1.337164	-0.44464213	-0.00033806823	-0.17677891	0.46243	-0.43643302	0.26913828	-0.027844712	0.46916693	-0.19459565	0.023426592	-0.32772538	0.05138388	-0.011257438	-0.2040809	0.011778644	-0.31423202	-0.24713469	0.026115777	0.14345072	-0.26894063	-0.107054494	0.18772984	-0.07499342	-0.23275761	-0.041674968	-0.0033106161	-0.6765369	0.28555536	0.4853116	-0.5467601	-0.12778334	0.29861778	-0.10518059	-0.089090146	-0.35115343	0.09825106	-0.15803921	0.08801347	-0.37278333	0.112427324	0.22587408	-0.3423024	0.23566462	0.043746915	0.2874422	0.11920261	-0.504864	0.09050829	0.07639948	0.014512008	-0.51575494	1.1083131	0.61441827	-0.28160012	0.059611585	0.10068585	0.20260626	0.42602924	-0.51705825	0.20548779	0.21507618	0.21244396	-1.3879703	0.21087687	0.08382669	-0.07319315	0.802452	0.33482623	0.28826848	-0.33011788	0.08379616	-1.0369226	0.18993287
-0.75168216	-0.04732537	0.19190046	-0.17262375	-0.065939404	-1.1121969	-0.27933878	-0.062034346	-0.44803163	0.7150724	0.73911506	0.31128216	-0.1527292	0.74958175	-0.61304677	0.5225767	0.022624265	-0.17074415	0.40728495	-0.56865174	-0.3091476	0.23011294	0.4194245	0.28836092	0.24966264	-0.3785557	-1.0173129	-0.09230618	0.24377577	-0.67384255	0.5697059	-0.42848	0.70848584	-0.05611313	-1.2936561	-0.46373764	0.51702833	-0.8627017	0.44100073	-0.5354251	-0.32263693	0.17456153	-0.08469052	0.7649876	-0.21715362	0.5000979	-0.69452447	0.33640215	0.30039984	-0.29761055	-0.39108732	-0.37507275	0.42236125	0.23384352	0.60335606	-0.46626872	-0.25090367	0.2556346	-0.007837323	0.3405176	-0.0029620645	-0.36496314	0.26915777	-0.28832513	0.5569483	-0.18626732	-0.23806578	-0.33221123	0.16535057	0.40993804	-0.25156885	0.11895477	-0.17674942	-0.31751886	0.063110255	-0.7003201	0.24495554	-0.28564188	-0.112107255	0.1338466	0.093920365	-0.7571591	0.32238135	0.038767762	-0.8164429	-0.5075967	-0.29605228	0.6369978	-0.58500063	-0.31571862	0.11173575	0.034116764	-0.15775947	-0.6124533	0.15431103	0.482763	-0.46673387	0.63489294	0.10130524	-0.15121238	0.18724494	0.17564197	0.30079678	0.25780058	0.019362291	-0.051161863	0.80028343	0.05247676	-0.21168235	0.1753404	-0.40893078	0.007781767	0.2864938	-0.13182048	0.5528137	0.20410743	-0.21806143	-1.0807039	-0.3931686	0.65710723	-0.3209959	0.56744134	0.28369588	-0.22618602	0.08625226	0.17796394	-1.0696435	-0.22012118
