size,dga,ctr,window,pcap_id
100,0,0,647,17
100,0,10,75,14
100,0,20,528,16
100,0,30,144,16
100,0,40,448,15
100,0,50,105,13
100,0,60,306,15
100,0,70,71,12
100,0,80,171,13
100,0,90,50,10
100,0,100,127,14
100,0,110,44,9
100,0,120,62,12
100,0,130,25,8
100,0,140,35,9
100,0,150,18,7
100,0,160,35,10
100,0,170,9,6
100,0,180,18,9
100,0,190,13,7
100,0,200,7,3
100,0,210,2,2
100,0,220,11,9
100,0,230,5,4
100,0,240,3,3
100,0,250,3,3
100,0,280,3,3
100,0,300,2,2
100,0,340,1,1
100,0,390,2,2
100,0,400,2,2
100,0,460,1,1
100,0,590,2,2
100,0,650,2,2
100,1,0,47666,9
100,1,10,1083,9
100,1,20,646,9
100,1,30,780,8
100,1,40,1365,8
100,1,50,213,8
100,1,60,218,7
100,1,70,122,7
100,1,80,452,6
100,1,90,484,6
100,1,100,112,7
100,1,110,74,5
100,1,120,175,6
100,1,130,55,4
100,1,140,56,6
100,1,150,55,5
100,1,160,70,5
100,1,170,33,3
100,1,180,470,5
100,1,190,44,5
100,1,200,38,5
100,1,210,35,3
100,1,220,18,4
100,1,230,27,4
100,1,240,27,4
100,1,250,34,4
100,1,260,17,3
100,1,270,188,4
100,1,280,25,3
100,1,290,27,3
100,1,300,23,2
100,1,310,29,4
100,1,320,18,5
100,1,330,16,3
100,1,340,22,4
100,1,350,18,2
100,1,360,335,3
100,1,370,9,2
100,1,380,6,2
100,1,390,6,2
100,1,400,3,2
100,1,410,2,2
100,1,420,4,2
100,1,430,1,1
100,1,440,2,2
100,1,450,7,3
100,1,470,1,1
100,1,480,1,1
100,1,490,1,1
100,1,540,1,1
100,1,560,1,1
100,1,790,1,1
100,1,900,1,1
100,2,0,6537,7
100,2,10,1867,7
100,2,20,660,7
100,2,30,318,6
100,2,40,293,7
100,2,50,272,7
100,2,60,424,7
100,2,70,1162,5
100,2,80,1922,7
100,2,90,366,7
100,2,100,239,6
100,2,110,174,6
100,2,120,115,5
100,2,130,107,3
100,2,140,100,4
100,2,150,86,4
100,2,160,73,3
100,2,170,47,3
100,2,180,42,2
100,2,190,33,3
100,2,200,38,2
100,2,210,15,3
100,2,220,15,3
100,2,230,6,2
100,2,250,2,2
100,2,310,1,1
100,2,320,2,1
100,2,330,120,1
100,2,340,60,1
100,2,740,1,1
100,2,950,1,1
100,2,970,1,1
100,2,980,7,1
100,2,990,5,1
100,2,1000,47,1
100,3,0,227,7
100,3,10,96,3
100,3,20,70,4
100,3,30,152,5
100,3,40,33,5
100,3,50,24,5
100,3,60,29,4
100,3,70,6,2
100,3,80,5,3
100,3,90,8,2
100,3,100,2,1
100,3,110,1,1
100,3,120,40,2
100,3,130,26,2
100,3,140,33,2
100,3,150,34,2
100,3,160,35,2
100,3,170,27,2
100,3,180,40,1
100,3,190,6,1
100,3,200,4,1
100,3,210,9,1
100,3,220,15,1
100,3,230,7,1
100,3,240,4,1
100,3,250,8,1
100,3,260,13,1
100,3,270,4,1
100,3,280,1,1
100,3,360,1,1
100,3,380,1,1
100,3,400,1,1
100,3,440,1,1
100,3,450,1,1
100,3,510,1,1
100,3,530,1,1
100,3,620,1,1
100,3,730,1,1
100,3,770,1,1
100,3,810,1,1
100,3,820,1,1
100,3,840,1,1
100,3,880,6,1
100,3,890,2,1
100,3,900,3,1
100,3,910,2,2
100,3,920,16,2
100,3,930,70,3
100,3,940,226,6
100,3,950,280,8
100,3,960,1184,9
100,3,970,1260,8
100,3,980,3957,9
100,3,990,3716,9
100,3,1000,48566,11
500,0,0,8,5
500,0,4,7,5
500,0,6,4,3
500,0,8,9,6
500,0,10,5,4
500,0,12,14,9
500,0,14,3,1
500,0,16,21,10
500,0,18,4,4
500,0,20,14,8
500,0,22,8,6
500,0,24,24,12
500,0,26,11,5
500,0,28,24,10
500,0,30,13,7
500,0,32,34,9
500,0,34,7,6
500,0,36,17,7
500,0,38,20,8
500,0,40,42,9
500,0,42,12,8
500,0,44,20,8
500,0,46,7,5
500,0,48,28,9
500,0,50,10,4
500,0,52,21,10
500,0,54,15,10
500,0,56,16,7
500,0,58,12,5
500,0,60,15,8
500,0,62,9,7
500,0,64,12,7
500,0,66,5,5
500,0,68,8,4
500,0,70,13,7
500,0,72,10,6
500,0,74,9,5
500,0,76,8,6
500,0,78,7,4
500,0,80,7,4
500,0,82,3,3
500,0,84,6,4
500,0,86,4,4
500,0,88,3,3
500,0,90,4,4
500,0,94,3,3
500,0,96,5,5
500,0,98,3,3
500,0,100,4,4
500,0,102,1,1
500,0,104,1,1
500,0,106,1,1
500,0,108,2,2
500,0,110,2,2
500,0,112,1,1
500,0,118,1,1
500,0,124,1,1
500,0,128,1,1
500,0,130,1,1
500,0,132,1,1
500,0,140,1,1
500,0,146,2,2
500,0,152,2,2
500,0,244,2,2
500,0,322,2,2
500,1,0,6913,8
500,1,2,174,6
500,1,4,98,4
500,1,6,150,7
500,1,8,983,8
500,1,10,97,5
500,1,12,75,8
500,1,14,73,4
500,1,16,243,6
500,1,18,72,5
500,1,20,39,6
500,1,22,17,3
500,1,24,120,6
500,1,26,18,4
500,1,28,23,6
500,1,30,13,6
500,1,32,86,5
500,1,34,10,4
500,1,36,460,5
500,1,38,31,5
500,1,40,78,6
500,1,42,27,4
500,1,44,56,5
500,1,46,9,3
500,1,48,41,5
500,1,50,11,4
500,1,52,19,4
500,1,54,106,5
500,1,56,42,5
500,1,58,9,4
500,1,60,9,3
500,1,62,25,4
500,1,64,27,5
500,1,66,11,3
500,1,68,8,4
500,1,70,9,3
500,1,72,600,5
500,1,74,23,3
500,1,76,16,3
500,1,78,12,4
500,1,80,34,5
500,1,82,3,2
500,1,84,6,3
500,1,86,2,2
500,1,88,21,3
500,1,90,15,3
500,1,92,4,2
500,1,94,4,2
500,1,96,6,3
500,1,98,5,2
500,1,100,1,1
500,1,102,3,2
500,1,104,5,3
500,1,106,2,2
500,1,108,33,2
500,1,112,4,3
500,1,116,4,2
500,1,118,1,1
500,1,120,1,1
500,1,124,1,1
500,1,126,2,2
500,1,132,2,1
500,1,136,1,1
500,1,140,1,1
500,1,142,1,1
500,1,144,15,2
500,1,154,1,1
500,1,156,1,1
500,1,170,1,1
500,1,192,1,1
500,1,194,1,1
500,1,196,1,1
500,1,204,1,1
500,1,206,1,1
500,1,218,1,1
500,1,374,1,1
500,2,0,293,7
500,2,2,373,6
500,2,4,308,6
500,2,6,166,7
500,2,8,117,6
500,2,10,64,6
500,2,12,46,6
500,2,14,25,7
500,2,16,23,6
500,2,18,20,5
500,2,20,18,3
500,2,22,23,7
500,2,24,43,5
500,2,26,35,5
500,2,28,27,5
500,2,30,33,6
500,2,32,39,6
500,2,34,27,4
500,2,36,40,6
500,2,38,115,5
500,2,40,66,4
500,2,42,69,4
500,2,44,52,4
500,2,46,36,4
500,2,48,50,4
500,2,50,32,4
500,2,52,37,4
500,2,54,54,4
500,2,56,26,4
500,2,58,33,4
500,2,60,26,4
500,2,62,26,4
500,2,64,18,4
500,2,66,28,4
500,2,68,23,4
500,2,70,30,4
500,2,72,42,4
500,2,74,51,4
500,2,76,101,4
500,2,78,82,4
500,2,80,22,4
500,2,82,18,4
500,2,84,9,5
500,2,86,6,4
500,2,88,6,4
500,2,90,19,3
500,2,92,5,3
500,2,94,8,2
500,2,96,2,2
500,2,98,22,3
500,2,100,9,3
500,2,102,4,2
500,2,104,3,3
500,2,106,4,3
500,2,108,3,3
500,2,110,4,3
500,2,112,3,3
500,2,114,5,3
500,2,116,2,2
500,2,118,2,2
500,2,120,2,2
500,2,122,1,1
500,2,124,5,3
500,2,126,1,1
500,2,128,3,3
500,2,130,6,2
500,2,132,2,2
500,2,134,4,3
500,2,136,4,4
500,2,138,7,3
500,2,140,2,2
500,2,142,8,2
500,2,144,5,3
500,2,146,6,2
500,2,148,2,2
500,2,150,2,2
500,2,152,8,2
500,2,154,6,2
500,2,156,2,2
500,2,158,2,2
500,2,160,4,2
500,2,162,2,2
500,2,164,2,2
500,2,166,2,2
500,2,168,2,2
500,2,174,2,2
500,2,176,6,2
500,2,178,1,1
500,2,182,6,2
500,2,186,2,2
500,2,330,3,1
500,2,332,12,1
500,2,334,21,1
500,2,356,1,1
500,2,988,1,1
500,2,992,1,1
500,2,994,3,1
500,2,996,3,1
500,2,998,2,1
500,2,1000,2,1
500,3,0,21,5
500,3,2,2,1
500,3,4,5,2
500,3,6,3,2
500,3,8,6,2
500,3,10,9,1
500,3,12,10,1
500,3,14,4,2
500,3,16,7,1
500,3,18,3,1
500,3,20,6,1
500,3,22,4,1
500,3,24,2,2
500,3,26,1,1
500,3,28,2,2
500,3,30,4,1
500,3,32,5,2
500,3,34,3,3
500,3,36,8,2
500,3,38,2,2
500,3,40,3,2
500,3,44,3,1
500,3,46,3,1
500,3,48,2,1
500,3,52,1,1
500,3,62,1,1
500,3,68,1,1
500,3,70,1,1
500,3,72,1,1
500,3,76,1,1
500,3,84,2,2
500,3,90,1,1
500,3,120,2,2
500,3,122,2,1
500,3,126,1,1
500,3,128,2,1
500,3,130,1,1
500,3,132,7,2
500,3,136,3,2
500,3,138,2,1
500,3,142,1,1
500,3,144,2,1
500,3,150,1,1
500,3,154,4,1
500,3,156,1,1
500,3,158,2,1
500,3,160,2,1
500,3,162,1,1
500,3,168,2,1
500,3,172,2,1
500,3,176,3,1
500,3,178,2,1
500,3,180,3,1
500,3,182,1,1
500,3,190,1,1
500,3,208,1,1
500,3,210,1,1
500,3,214,1,1
500,3,216,1,1
500,3,220,3,1
500,3,242,1,1
500,3,252,1,1
500,3,254,1,1
500,3,258,1,1
500,3,260,1,1
500,3,262,1,1
500,3,318,1,1
500,3,346,1,1
500,3,680,1,1
500,3,876,1,1
500,3,886,1,1
500,3,892,1,1
500,3,896,2,2
500,3,900,2,1
500,3,916,1,1
500,3,918,1,1
500,3,944,1,1
500,3,954,1,1
500,3,958,4,1
500,3,960,10,1
500,3,962,37,1
500,3,964,68,1
500,3,966,73,1
500,3,968,54,1
500,3,970,69,2
500,3,972,71,2
500,3,974,86,2
500,3,976,151,3
500,3,978,122,3
500,3,980,178,3
500,3,982,149,2
500,3,984,262,4
500,3,986,157,5
500,3,988,134,5
500,3,990,88,6
500,3,992,42,9
500,3,994,395,6
500,3,996,1757,7
500,3,998,323,6
500,3,1000,7613,8
2500,0,10,1,1
2500,0,11,1,1
2500,0,19,1,1
2500,0,20,1,1
2500,0,24,3,3
2500,0,25,1,1
2500,0,26,3,2
2500,0,27,1,1
2500,0,28,1,1
2500,0,29,1,1
2500,0,30,1,1
2500,0,32,3,3
2500,0,33,2,2
2500,0,34,3,3
2500,0,35,3,2
2500,0,36,3,2
2500,0,38,3,2
2500,0,39,1,1
2500,0,40,2,2
2500,0,41,1,1
2500,0,42,3,1
2500,0,43,5,3
2500,0,44,3,3
2500,0,46,7,6
2500,0,47,5,4
2500,0,48,1,1
2500,0,49,5,4
2500,0,50,7,5
2500,0,51,1,1
2500,0,52,5,4
2500,0,53,1,1
2500,0,54,2,2
2500,0,55,2,1
2500,0,56,2,2
2500,0,58,2,2
2500,0,59,1,1
2500,0,60,1,1
2500,0,61,1,1
2500,0,62,2,2
2500,0,63,1,1
2500,0,64,3,2
2500,0,65,1,1
2500,0,66,2,2
2500,0,69,3,2
2500,0,70,1,1
2500,0,71,1,1
2500,0,72,1,1
2500,0,73,1,1
2500,0,78,1,1
2500,0,121,1,1
2500,0,154,1,1
2500,1,0,416,6
2500,1,1,224,3
2500,1,2,55,4
2500,1,3,93,3
2500,1,4,36,5
2500,1,5,7,3
2500,1,6,11,5
2500,1,7,94,4
2500,1,8,113,3
2500,1,9,16,3
2500,1,10,60,4
2500,1,11,4,4
2500,1,12,39,4
2500,1,13,5,3
2500,1,14,141,3
2500,1,15,8,2
2500,1,16,235,3
2500,1,17,86,3
2500,1,18,35,3
2500,1,19,47,4
2500,1,20,18,6
2500,1,21,39,3
2500,1,22,22,3
2500,1,23,86,3
2500,1,24,52,4
2500,1,25,16,3
2500,1,26,24,4
2500,1,27,7,3
2500,1,28,39,3
2500,1,29,6,2
2500,1,30,43,4
2500,1,31,7,4
2500,1,32,27,3
2500,1,33,20,4
2500,1,34,4,2
2500,1,35,5,3
2500,1,36,5,1
2500,1,37,5,1
2500,1,38,4,1
2500,1,39,2,1
2500,1,40,3,2
2500,1,41,2,1
2500,1,42,1,1
2500,1,43,2,1
2500,1,44,2,2
2500,1,45,2,1
2500,1,46,7,2
2500,1,48,2,1
2500,1,49,2,2
2500,1,50,3,2
2500,1,52,1,1
2500,1,53,1,1
2500,1,54,3,2
2500,1,56,2,2
2500,1,57,1,1
2500,1,58,1,1
2500,1,59,3,2
2500,1,63,1,1
2500,1,70,1,1
2500,1,83,1,1
2500,1,92,1,1
2500,1,93,1,1
2500,1,108,1,1
2500,1,156,1,1
2500,2,0,18,2
2500,2,1,6,1
2500,2,2,59,3
2500,2,3,58,1
2500,2,4,59,1
2500,2,5,16,1
2500,2,6,9,3
2500,2,7,9,2
2500,2,8,10,2
2500,2,9,3,2
2500,2,10,3,1
2500,2,11,1,1
2500,2,12,2,2
2500,2,13,3,3
2500,2,14,1,1
2500,2,15,2,2
2500,2,16,4,2
2500,2,17,4,2
2500,2,18,4,4
2500,2,19,1,1
2500,2,20,3,2
2500,2,21,3,3
2500,2,22,1,1
2500,2,23,4,4
2500,2,24,2,1
2500,2,25,3,2
2500,2,26,2,1
2500,2,28,4,3
2500,2,29,1,1
2500,2,30,1,1
2500,2,31,2,1
2500,2,32,2,1
2500,2,34,2,2
2500,2,35,4,2
2500,2,36,3,2
2500,2,37,1,1
2500,2,38,10,3
2500,2,39,1,1
2500,2,40,6,4
2500,2,41,4,2
2500,2,42,7,4
2500,2,43,4,3
2500,2,44,7,1
2500,2,45,12,4
2500,2,46,12,4
2500,2,47,12,3
2500,2,48,13,4
2500,2,49,6,4
2500,2,50,13,3
2500,2,51,8,4
2500,2,52,8,4
2500,2,53,9,2
2500,2,54,18,4
2500,2,55,13,4
2500,2,56,10,4
2500,2,57,5,2
2500,2,58,8,4
2500,2,59,2,1
2500,2,60,7,4
2500,2,61,4,2
2500,2,62,2,2
2500,2,63,4,4
2500,2,64,2,1
2500,2,65,1,1
2500,2,66,2,2
2500,2,67,1,1
2500,2,68,2,2
2500,2,69,1,1
2500,2,72,5,4
2500,2,73,3,1
2500,2,74,4,1
2500,2,75,4,1
2500,2,76,8,3
2500,2,77,1,1
2500,2,78,2,1
2500,2,82,2,2
2500,2,84,2,2
2500,2,93,2,2
2500,2,94,2,2
2500,2,95,2,2
2500,2,97,1,1
2500,2,100,4,2
2500,2,105,3,3
2500,2,108,4,2
2500,2,109,2,2
2500,2,110,2,2
2500,2,116,2,2
2500,2,117,2,2
2500,2,120,2,2
2500,2,124,2,2
2500,2,132,2,2
2500,2,133,2,2
2500,2,158,2,2
2500,2,161,2,2
2500,2,212,1,1
2500,2,293,1,1
2500,2,332,3,1
2500,2,333,3,1
2500,2,473,1,1
2500,2,994,1,1
2500,2,995,1,1
2500,3,0,2,2
2500,3,4,1,1
2500,3,6,1,1
2500,3,9,1,1
2500,3,10,1,1
2500,3,11,1,1
2500,3,12,1,1
2500,3,14,2,1
2500,3,16,3,1
2500,3,24,1,1
2500,3,27,1,1
2500,3,35,1,1
2500,3,36,2,1
2500,3,40,2,1
2500,3,41,1,1
2500,3,67,1,1
2500,3,103,1,1
2500,3,128,1,1
2500,3,132,1,1
2500,3,147,1,1
2500,3,154,2,1
2500,3,155,1,1
2500,3,162,1,1
2500,3,219,1,1
2500,3,222,1,1
2500,3,234,1,1
2500,3,336,1,1
2500,3,352,1,1
2500,3,574,1,1
2500,3,617,1,1
2500,3,766,1,1
2500,3,900,1,1
2500,3,960,1,1
2500,3,971,2,1
2500,3,972,27,1
2500,3,973,23,1
2500,3,974,30,1
2500,3,975,27,1
2500,3,976,38,1
2500,3,977,13,1
2500,3,978,17,1
2500,3,979,14,2
2500,3,980,27,3
2500,3,981,36,2
2500,3,982,42,2
2500,3,983,10,2
2500,3,984,4,1
2500,3,985,2,1
2500,3,986,4,2
2500,3,987,6,2
2500,3,988,14,2
2500,3,989,5,2
2500,3,990,1,1
2500,3,994,2,2
2500,3,995,5,3
2500,3,996,129,6
2500,3,997,187,5
2500,3,998,328,6
2500,3,999,755,2
2500,3,1000,615,1
