size,dga,llr,window,pcap_id
100,0,-75,1,1
100,0,-64,2,2
100,0,-62,1,1
100,0,-54,1,1
100,0,-53,1,1
100,0,-49,1,1
100,0,-48,1,1
100,0,-47,3,1
100,0,-44,1,1
100,0,-42,1,1
100,0,-38,1,1
100,0,-35,2,2
100,0,-34,3,3
100,0,-31,1,1
100,0,-30,3,3
100,0,-29,3,2
100,0,-28,2,2
100,0,-27,8,4
100,0,-26,10,4
100,0,-25,7,3
100,0,-24,13,6
100,0,-23,27,9
100,0,-22,126,15
100,0,-21,347,15
100,0,-20,586,16
100,0,-19,549,16
100,0,-18,476,16
100,0,-17,323,15
100,0,-16,197,13
100,0,-15,111,14
100,0,-14,52,11
100,0,-13,37,11
100,0,-12,30,9
100,0,-11,15,7
100,0,-10,5,5
100,0,-9,7,6
100,0,-8,4,3
100,0,-7,3,3
100,0,-6,1,1
100,0,-5,1,1
100,0,-4,1,1
100,0,-2,4,2
100,0,4,1,1
100,0,8,2,2
100,0,11,2,2
100,0,18,2,2
100,0,25,1,1
100,0,28,1,1
100,1,-204,1,1
100,1,-203,3,1
100,1,-202,56,2
100,1,-201,241,2
100,1,-200,813,2
100,1,-199,310,2
100,1,-198,146,2
100,1,-197,149,2
100,1,-196,362,2
100,1,-195,108,2
100,1,-194,84,2
100,1,-193,80,2
100,1,-192,162,2
100,1,-191,85,2
100,1,-190,83,2
100,1,-189,113,2
100,1,-188,107,2
100,1,-187,44,2
100,1,-186,39,2
100,1,-185,49,2
100,1,-184,28,2
100,1,-183,47,2
100,1,-182,31,2
100,1,-181,38,2
100,1,-180,32,2
100,1,-179,36,2
100,1,-178,35,2
100,1,-177,44,2
100,1,-176,50,2
100,1,-175,35,2
100,1,-174,43,2
100,1,-173,37,2
100,1,-172,41,2
100,1,-171,68,2
100,1,-170,89,2
100,1,-169,38,2
100,1,-168,38,2
100,1,-167,44,2
100,1,-166,41,2
100,1,-165,43,2
100,1,-164,47,2
100,1,-163,63,2
100,1,-162,37,2
100,1,-161,44,2
100,1,-160,49,2
100,1,-159,63,2
100,1,-158,47,2
100,1,-157,53,2
100,1,-156,63,2
100,1,-155,61,2
100,1,-154,58,2
100,1,-153,50,2
100,1,-152,80,2
100,1,-151,58,2
100,1,-150,50,2
100,1,-149,57,2
100,1,-148,78,2
100,1,-147,49,2
100,1,-146,76,2
100,1,-145,59,2
100,1,-144,78,2
100,1,-143,113,2
100,1,-142,72,2
100,1,-141,146,2
100,1,-140,88,2
100,1,-139,113,2
100,1,-138,71,2
100,1,-137,94,2
100,1,-136,69,2
100,1,-135,80,2
100,1,-134,91,2
100,1,-133,99,2
100,1,-132,85,2
100,1,-131,76,2
100,1,-130,99,2
100,1,-129,73,2
100,1,-128,78,2
100,1,-127,87,2
100,1,-126,108,2
100,1,-125,78,2
100,1,-124,97,2
100,1,-123,91,2
100,1,-122,98,2
100,1,-121,114,2
100,1,-120,105,2
100,1,-119,119,2
100,1,-118,114,2
100,1,-117,112,2
100,1,-116,93,2
100,1,-115,105,2
100,1,-114,120,2
100,1,-113,92,2
100,1,-112,137,2
100,1,-111,124,2
100,1,-110,108,2
100,1,-109,133,2
100,1,-108,142,2
100,1,-107,126,2
100,1,-106,108,2
100,1,-105,141,2
100,1,-104,127,2
100,1,-103,114,2
100,1,-102,115,2
100,1,-101,146,2
100,1,-100,174,2
100,1,-99,125,2
100,1,-98,145,2
100,1,-97,146,2
100,1,-96,153,2
100,1,-95,164,2
100,1,-94,207,2
100,1,-93,223,2
100,1,-92,199,2
100,1,-91,170,2
100,1,-90,186,2
100,1,-89,177,2
100,1,-88,161,2
100,1,-87,145,2
100,1,-86,131,2
100,1,-85,158,2
100,1,-84,175,2
100,1,-83,198,2
100,1,-82,151,2
100,1,-81,156,2
100,1,-80,179,2
100,1,-79,240,2
100,1,-78,236,2
100,1,-77,206,2
100,1,-76,165,2
100,1,-75,162,2
100,1,-74,182,2
100,1,-73,189,2
100,1,-72,199,2
100,1,-71,189,2
100,1,-70,183,2
100,1,-69,250,2
100,1,-68,316,2
100,1,-67,318,2
100,1,-66,241,2
100,1,-65,197,2
100,1,-64,281,2
100,1,-63,227,2
100,1,-62,231,2
100,1,-61,262,2
100,1,-60,272,2
100,1,-59,262,2
100,1,-58,277,2
100,1,-57,257,3
100,1,-56,280,2
100,1,-55,322,2
100,1,-54,338,2
100,1,-53,315,2
100,1,-52,313,2
100,1,-51,289,2
100,1,-50,318,2
100,1,-49,406,3
100,1,-48,414,2
100,1,-47,360,2
100,1,-46,329,3
100,1,-45,398,2
100,1,-44,441,2
100,1,-43,552,2
100,1,-42,496,3
100,1,-41,392,2
100,1,-40,420,2
100,1,-39,546,2
100,1,-38,679,2
100,1,-37,583,4
100,1,-36,538,3
100,1,-35,483,3
100,1,-34,494,2
100,1,-33,565,2
100,1,-32,568,2
100,1,-31,534,2
100,1,-30,400,3
100,1,-29,451,4
100,1,-28,761,6
100,1,-27,740,4
100,1,-26,784,4
100,1,-25,598,4
100,1,-24,620,6
100,1,-23,772,6
100,1,-22,833,6
100,1,-21,627,7
100,1,-20,690,8
100,1,-19,847,8
100,1,-18,1265,9
100,1,-17,3553,9
100,1,-16,5788,9
100,1,-15,1944,9
100,1,-14,1558,9
100,1,-13,1089,8
100,1,-12,459,8
100,1,-11,284,8
100,1,-10,245,7
100,1,-9,252,7
100,1,-8,218,6
100,1,-7,233,5
100,1,-6,161,5
100,1,-5,73,6
100,1,-4,7,4
100,1,-2,1,1
100,1,-1,1,1
100,1,0,6,3
100,1,2,1,1
100,1,4,2,1
100,1,5,1,1
100,1,9,1,1
100,2,-118,1,1
100,2,-114,1,1
100,2,-113,3,1
100,2,-112,2,1
100,2,-111,3,1
100,2,-110,1,1
100,2,-109,2,1
100,2,-108,1,1
100,2,-107,1,1
100,2,-106,1,1
100,2,-102,2,1
100,2,-101,2,1
100,2,-100,1,1
100,2,-99,1,1
100,2,-96,1,1
100,2,-95,3,1
100,2,-94,4,1
100,2,-93,2,1
100,2,-92,4,1
100,2,-91,2,1
100,2,-90,5,1
100,2,-89,8,1
100,2,-88,7,1
100,2,-87,16,1
100,2,-86,5,1
100,2,-85,7,1
100,2,-84,2,1
100,2,-83,1,1
100,2,-82,2,1
100,2,-81,5,1
100,2,-80,5,1
100,2,-79,1,1
100,2,-78,2,1
100,2,-77,3,1
100,2,-76,2,1
100,2,-75,2,1
100,2,-74,4,1
100,2,-73,2,1
100,2,-72,1,1
100,2,-71,2,1
100,2,-70,3,1
100,2,-69,1,1
100,2,-68,6,1
100,2,-67,8,1
100,2,-66,5,1
100,2,-65,4,1
100,2,-64,1,1
100,2,-63,4,1
100,2,-62,3,1
100,2,-61,2,1
100,2,-60,4,1
100,2,-59,3,1
100,2,-58,4,1
100,2,-57,2,1
100,2,-56,6,1
100,2,-55,5,1
100,2,-54,4,1
100,2,-53,4,1
100,2,-52,4,1
100,2,-51,4,1
100,2,-50,4,1
100,2,-49,2,1
100,2,-48,2,1
100,2,-47,7,1
100,2,-46,3,1
100,2,-45,2,1
100,2,-44,6,1
100,2,-43,6,2
100,2,-42,5,1
100,2,-41,3,2
100,2,-40,3,1
100,2,-39,3,1
100,2,-38,4,2
100,2,-37,2,1
100,2,-36,3,2
100,2,-35,16,3
100,2,-34,20,3
100,2,-33,11,2
100,2,-32,41,4
100,2,-31,102,3
100,2,-30,140,5
100,2,-29,103,5
100,2,-28,820,4
100,2,-27,3829,5
100,2,-26,1663,5
100,2,-25,449,6
100,2,-24,168,6
100,2,-23,96,6
100,2,-22,411,6
100,2,-21,822,7
100,2,-20,1658,7
100,2,-19,2128,7
100,2,-18,989,7
100,2,-17,377,6
100,2,-16,313,6
100,2,-15,341,6
100,2,-14,131,7
100,2,-13,90,6
100,2,-12,28,3
100,2,-11,42,4
100,2,-10,19,3
100,2,-9,17,1
100,2,-8,11,1
100,2,-7,6,1
100,2,-6,3,1
100,2,25,1,1
100,2,29,1,1
100,2,30,3,1
100,2,31,4,1
100,2,32,1,1
100,2,33,3,1
100,2,34,10,1
100,2,35,2,1
100,2,36,5,1
100,2,37,5,1
100,2,38,9,1
100,2,40,10,1
100,2,42,5,1
100,2,45,3,1
100,3,-78,1,1
100,3,-33,1,1
100,3,-27,1,1
100,3,-26,1,1
100,3,-25,2,1
100,3,-24,2,2
100,3,-22,2,2
100,3,-21,14,2
100,3,-20,38,4
100,3,-19,55,3
100,3,-18,47,3
100,3,-17,28,5
100,3,-16,34,4
100,3,-15,54,4
100,3,-14,56,3
100,3,-13,68,4
100,3,-12,109,4
100,3,-11,48,3
100,3,-10,15,2
100,3,-9,54,4
100,3,-8,22,5
100,3,-7,74,3
100,3,-6,73,3
100,3,-5,84,3
100,3,-4,14,1
100,3,-3,47,3
100,3,-2,16,2
100,3,-1,1,1
100,3,0,1,1
100,3,2,1,1
100,3,5,3,1
100,3,6,3,1
100,3,7,4,1
100,3,8,3,1
100,3,9,5,3
100,3,10,2,1
100,3,11,3,2
100,3,12,8,3
100,3,13,24,4
100,3,14,325,4
100,3,15,2437,4
100,3,16,3333,4
100,3,17,824,4
100,3,18,823,4
100,3,19,93,5
100,3,20,577,4
100,3,21,30,4
100,3,22,60,3
100,3,23,91,2
100,3,24,203,2
100,3,25,271,2
100,3,26,493,4
100,3,27,818,7
100,3,28,1250,5
100,3,29,1836,7
100,3,30,2191,6
100,3,31,2625,6
100,3,32,2519,7
100,3,33,3563,8
100,3,34,3543,8
100,3,35,3005,7
100,3,36,3460,7
100,3,37,2674,8
100,3,38,3569,8
100,3,39,2273,8
100,3,40,2753,8
100,3,41,1982,8
100,3,42,2030,6
100,3,43,1634,8
100,3,44,1293,8
100,3,45,1271,6
100,3,46,983,7
100,3,47,1044,7
100,3,48,885,6
100,3,49,636,5
100,3,50,521,4
100,3,51,390,3
100,3,52,272,1
100,3,53,213,1
100,3,54,175,1
100,3,55,114,1
100,3,56,72,1
100,3,57,42,1
100,3,58,17,1
100,3,59,21,1
100,3,60,3,1
100,3,61,4,1
100,3,71,1,1
500,0,-30,1,1
500,0,-28,2,1
500,0,-26,3,3
500,0,-25,4,2
500,0,-24,5,2
500,0,-23,4,4
500,0,-22,8,3
500,0,-21,18,8
500,0,-20,117,14
500,0,-19,189,15
500,0,-18,132,13
500,0,-17,66,13
500,0,-16,20,8
500,0,-15,11,7
500,0,-14,3,3
500,0,-13,1,1
500,0,-11,1,1
500,0,-10,1,1
500,0,-5,2,2
500,0,-3,2,2
500,1,-193,1,1
500,1,-188,1,1
500,1,-187,1,1
500,1,-186,1,1
500,1,-185,2,2
500,1,-184,1,1
500,1,-183,1,1
500,1,-182,2,1
500,1,-181,1,1
500,1,-180,2,2
500,1,-179,1,1
500,1,-178,1,1
500,1,-177,5,2
500,1,-175,9,2
500,1,-174,3,2
500,1,-173,12,2
500,1,-172,12,2
500,1,-171,8,2
500,1,-170,9,2
500,1,-169,13,2
500,1,-168,16,2
500,1,-167,23,2
500,1,-166,17,2
500,1,-165,19,2
500,1,-164,16,2
500,1,-163,22,2
500,1,-162,25,2
500,1,-161,23,2
500,1,-160,31,2
500,1,-159,35,2
500,1,-158,25,2
500,1,-157,26,2
500,1,-156,24,2
500,1,-155,21,2
500,1,-154,16,2
500,1,-153,28,2
500,1,-152,20,2
500,1,-151,23,2
500,1,-150,31,2
500,1,-149,21,2
500,1,-148,17,2
500,1,-147,25,2
500,1,-146,23,2
500,1,-145,15,2
500,1,-144,24,2
500,1,-143,24,2
500,1,-142,27,2
500,1,-141,29,2
500,1,-140,27,2
500,1,-139,17,2
500,1,-138,19,2
500,1,-137,20,2
500,1,-136,14,2
500,1,-135,22,2
500,1,-134,14,2
500,1,-133,18,2
500,1,-132,28,2
500,1,-131,29,2
500,1,-130,23,2
500,1,-129,17,2
500,1,-128,29,2
500,1,-127,21,2
500,1,-126,19,2
500,1,-125,23,2
500,1,-124,13,2
500,1,-123,16,2
500,1,-122,17,2
500,1,-121,17,2
500,1,-120,30,2
500,1,-119,22,2
500,1,-118,22,2
500,1,-117,31,2
500,1,-116,24,2
500,1,-115,29,2
500,1,-114,29,2
500,1,-113,30,2
500,1,-112,28,2
500,1,-111,31,2
500,1,-110,29,2
500,1,-109,32,2
500,1,-108,42,2
500,1,-107,39,2
500,1,-106,32,2
500,1,-105,49,2
500,1,-104,46,2
500,1,-103,34,2
500,1,-102,41,2
500,1,-101,37,2
500,1,-100,39,2
500,1,-99,33,2
500,1,-98,42,2
500,1,-97,50,2
500,1,-96,41,2
500,1,-95,43,2
500,1,-94,53,2
500,1,-93,43,2
500,1,-92,55,2
500,1,-91,83,2
500,1,-90,56,2
500,1,-89,43,2
500,1,-88,60,2
500,1,-87,49,2
500,1,-86,54,2
500,1,-85,54,2
500,1,-84,49,2
500,1,-83,42,2
500,1,-82,53,2
500,1,-81,28,2
500,1,-80,58,2
500,1,-79,46,2
500,1,-78,39,2
500,1,-77,33,2
500,1,-76,43,2
500,1,-75,49,2
500,1,-74,46,2
500,1,-73,39,2
500,1,-72,43,2
500,1,-71,49,2
500,1,-70,63,2
500,1,-69,50,2
500,1,-68,65,2
500,1,-67,53,2
500,1,-66,63,2
500,1,-65,66,2
500,1,-64,63,2
500,1,-63,67,2
500,1,-62,69,2
500,1,-61,72,2
500,1,-60,89,2
500,1,-59,65,2
500,1,-58,74,2
500,1,-57,79,2
500,1,-56,86,2
500,1,-55,69,2
500,1,-54,92,2
500,1,-53,83,2
500,1,-52,75,2
500,1,-51,101,2
500,1,-50,72,2
500,1,-49,68,2
500,1,-48,80,2
500,1,-47,82,2
500,1,-46,91,2
500,1,-45,101,2
500,1,-44,86,2
500,1,-43,82,2
500,1,-42,95,2
500,1,-41,110,2
500,1,-40,113,2
500,1,-39,109,2
500,1,-38,113,2
500,1,-37,106,2
500,1,-36,126,3
500,1,-35,109,2
500,1,-34,107,2
500,1,-33,131,3
500,1,-32,161,2
500,1,-31,157,2
500,1,-30,146,2
500,1,-29,182,2
500,1,-28,202,2
500,1,-27,177,2
500,1,-26,273,2
500,1,-25,203,2
500,1,-24,212,4
500,1,-23,199,3
500,1,-22,186,4
500,1,-21,174,5
500,1,-20,185,6
500,1,-19,155,7
500,1,-18,154,6
500,1,-17,212,9
500,1,-16,993,8
500,1,-15,286,8
500,1,-14,162,5
500,1,-13,68,6
500,1,-12,20,5
500,1,-11,6,4
500,1,-10,13,1
500,1,-9,18,1
500,1,-8,31,2
500,1,-7,12,2
500,1,-4,1,1
500,2,-93,1,1
500,2,-91,2,1
500,2,-90,2,1
500,2,-89,2,1
500,2,-88,1,1
500,2,-86,2,1
500,2,-85,1,1
500,2,-82,1,1
500,2,-81,1,1
500,2,-80,1,1
500,2,-77,1,1
500,2,-75,4,1
500,2,-74,1,1
500,2,-73,1,1
500,2,-72,2,1
500,2,-70,2,1
500,2,-68,1,1
500,2,-67,1,1
500,2,-64,1,1
500,2,-63,2,1
500,2,-62,1,1
500,2,-61,2,1
500,2,-58,2,1
500,2,-57,1,1
500,2,-56,1,1
500,2,-55,1,1
500,2,-54,2,1
500,2,-53,2,1
500,2,-52,1,1
500,2,-51,1,1
500,2,-50,1,1
500,2,-48,2,1
500,2,-47,1,1
500,2,-44,1,1
500,2,-43,1,1
500,2,-42,2,1
500,2,-40,2,1
500,2,-37,3,1
500,2,-36,1,1
500,2,-35,7,3
500,2,-34,2,1
500,2,-32,2,1
500,2,-31,8,1
500,2,-30,22,1
500,2,-29,40,3
500,2,-28,159,4
500,2,-27,804,4
500,2,-26,316,4
500,2,-25,63,4
500,2,-24,18,4
500,2,-23,10,5
500,2,-22,67,7
500,2,-21,115,7
500,2,-20,379,5
500,2,-19,629,4
500,2,-18,100,6
500,2,-17,54,6
500,2,-16,55,6
500,2,-15,63,5
500,2,-14,29,4
500,2,-13,2,1
500,2,-12,2,1
500,2,-11,4,2
500,2,-10,5,1
500,2,-9,2,1
500,2,-7,1,1
500,2,3,1,1
500,2,35,2,1
500,2,36,4,1
500,2,37,3,1
500,2,38,2,1
500,2,39,1,1
500,3,-23,1,1
500,3,-21,1,1
500,3,-19,24,3
500,3,-18,10,3
500,3,-17,4,4
500,3,-16,5,3
500,3,-15,9,2
500,3,-14,12,3
500,3,-13,16,1
500,3,-12,22,3
500,3,-11,10,3
500,3,-10,1,1
500,3,-9,11,3
500,3,-8,5,3
500,3,-7,14,1
500,3,-6,14,2
500,3,-5,15,2
500,3,-4,4,1
500,3,-3,9,1
500,3,-2,1,1
500,3,0,1,1
500,3,1,1,1
500,3,7,1,1
500,3,8,1,1
500,3,9,2,1
500,3,12,2,1
500,3,13,1,1
500,3,14,22,2
500,3,15,331,3
500,3,16,612,3
500,3,17,697,3
500,3,18,24,2
500,3,19,1,1
500,3,20,1,1
500,3,21,3,2
500,3,24,2,2
500,3,25,3,1
500,3,26,1,1
500,3,27,8,2
500,3,28,4,1
500,3,29,5,2
500,3,30,8,3
500,3,31,46,3
500,3,32,363,2
500,3,33,831,3
500,3,34,652,7
500,3,35,651,6
500,3,36,1097,7
500,3,37,1673,7
500,3,38,1838,7
500,3,39,1225,8
500,3,40,1078,8
500,3,41,445,6
500,3,42,182,5
500,3,43,42,3
500,3,44,3,1
2500,0,-23,1,1
2500,0,-21,3,2
2500,0,-20,13,5
2500,0,-19,54,12
2500,0,-18,30,7
2500,0,-17,6,5
2500,0,-16,1,1
2500,0,-12,1,1
2500,1,-121,3,2
2500,1,-120,2,1
2500,1,-119,1,1
2500,1,-118,2,2
2500,1,-117,1,1
2500,1,-116,2,2
2500,1,-115,3,1
2500,1,-114,3,2
2500,1,-113,2,2
2500,1,-112,1,1
2500,1,-111,1,1
2500,1,-110,4,1
2500,1,-109,2,1
2500,1,-108,2,1
2500,1,-107,3,2
2500,1,-106,2,2
2500,1,-105,2,2
2500,1,-104,2,1
2500,1,-103,3,2
2500,1,-102,4,2
2500,1,-101,3,2
2500,1,-100,6,2
2500,1,-99,11,2
2500,1,-98,10,2
2500,1,-97,14,2
2500,1,-96,13,2
2500,1,-95,18,2
2500,1,-94,10,2
2500,1,-93,11,2
2500,1,-92,10,2
2500,1,-91,13,2
2500,1,-90,17,2
2500,1,-89,6,2
2500,1,-88,13,2
2500,1,-87,7,2
2500,1,-86,19,2
2500,1,-85,6,2
2500,1,-84,10,2
2500,1,-83,14,2
2500,1,-82,21,2
2500,1,-81,40,2
2500,1,-80,37,2
2500,1,-79,29,2
2500,1,-78,35,2
2500,1,-77,46,2
2500,1,-76,54,2
2500,1,-75,37,2
2500,1,-74,38,2
2500,1,-73,51,2
2500,1,-72,48,2
2500,1,-71,35,2
2500,1,-70,37,2
2500,1,-69,30,2
2500,1,-68,34,2
2500,1,-67,26,2
2500,1,-66,29,2
2500,1,-65,23,2
2500,1,-64,26,2
2500,1,-63,28,2
2500,1,-62,17,2
2500,1,-61,29,2
2500,1,-60,29,2
2500,1,-59,40,2
2500,1,-58,44,2
2500,1,-57,40,2
2500,1,-56,35,2
2500,1,-55,42,2
2500,1,-54,31,2
2500,1,-53,34,2
2500,1,-52,26,2
2500,1,-51,16,2
2500,1,-50,19,2
2500,1,-49,14,2
2500,1,-48,20,2
2500,1,-47,27,2
2500,1,-46,18,2
2500,1,-45,14,2
2500,1,-44,16,2
2500,1,-43,23,2
2500,1,-42,22,2
2500,1,-41,23,2
2500,1,-40,37,2
2500,1,-39,48,2
2500,1,-38,51,2
2500,1,-37,30,2
2500,1,-36,34,2
2500,1,-35,32,2
2500,1,-34,27,2
2500,1,-33,24,2
2500,1,-32,13,2
2500,1,-31,12,2
2500,1,-30,4,2
2500,1,-29,7,2
2500,1,-27,1,1
2500,1,-24,1,1
2500,1,-22,3,1
2500,1,-21,2,1
2500,1,-20,5,2
2500,1,-19,1,1
2500,1,-18,7,3
2500,1,-17,21,5
2500,1,-16,184,5
2500,1,-15,76,3
2500,1,-14,23,3
2500,1,-13,5,2
2500,1,-12,1,1
2500,1,-10,2,1
2500,1,-9,3,1
2500,1,-8,7,1
2500,1,-7,1,1
2500,2,-82,1,1
2500,2,-76,1,1
2500,2,-68,1,1
2500,2,-66,1,1
2500,2,-61,2,1
2500,2,-54,1,1
2500,2,-52,1,1
2500,2,-48,1,1
2500,2,-46,2,1
2500,2,-45,2,1
2500,2,-44,1,1
2500,2,-42,1,1
2500,2,-39,1,1
2500,2,-32,1,1
2500,2,-31,2,2
2500,2,-30,1,1
2500,2,-29,9,1
2500,2,-28,26,4
2500,2,-27,185,4
2500,2,-26,44,4
2500,2,-25,10,3
2500,2,-23,4,2
2500,2,-22,12,5
2500,2,-21,14,2
2500,2,-20,72,4
2500,2,-19,148,4
2500,2,-18,28,5
2500,2,-17,7,2
2500,2,-16,6,1
2500,2,-15,14,5
2500,2,-13,1,1
2500,2,-11,1,1
2500,2,8,1,1
2500,2,36,1,1
2500,2,37,1,1
2500,3,-19,6,1
2500,3,-18,1,1
2500,3,-16,1,1
2500,3,-15,2,1
2500,3,-14,1,1
2500,3,-13,4,2
2500,3,-12,5,1
2500,3,-10,1,1
2500,3,-8,2,2
2500,3,-7,2,1
2500,3,-6,4,1
2500,3,-5,1,1
2500,3,-4,1,1
2500,3,-3,2,1
2500,3,-1,1,1
2500,3,6,1,1
2500,3,9,1,1
2500,3,15,27,1
2500,3,16,240,3
2500,3,17,69,3
2500,3,18,2,2
2500,3,26,2,2
2500,3,27,2,1
2500,3,28,2,1
2500,3,29,2,1
2500,3,32,1,1
2500,3,34,1,1
2500,3,35,30,1
2500,3,36,406,5
2500,3,37,1014,7
2500,3,38,504,6
2500,3,39,64,3
2500,3,40,1,1
