size,dga,nx,window,pcap_id
100,0,0.0,2853,16
100,0,0.01,27,15
100,0,0.02,18,10
100,0,0.03,5,4
100,0,0.04,24,8
100,0,0.05,1,1
100,0,0.06,4,3
100,0,0.08,9,4
100,0,0.09,3,2
100,0,0.12,2,2
100,0,0.14,2,2
100,0,0.16,8,3
100,0,0.17,1,1
100,0,0.18,3,2
100,0,0.21,1,1
100,0,0.22,2,2
100,0,0.26,2,2
100,0,0.28,1,1
100,0,0.29,1,1
100,0,0.31,2,1
100,0,0.32,5,2
100,0,0.4,1,1
100,0,0.42,1,1
100,0,0.54,1,1
100,1,0.0,9812,9
100,1,0.01,234,8
100,1,0.02,303,9
100,1,0.03,906,6
100,1,0.04,303,7
100,1,0.05,258,6
100,1,0.06,2112,6
100,1,0.07,294,5
100,1,0.08,350,5
100,1,0.09,1020,5
100,1,0.1,384,5
100,1,0.11,364,5
100,1,0.12,1826,6
100,1,0.13,415,4
100,1,0.14,461,4
100,1,0.15,966,4
100,1,0.16,462,4
100,1,0.17,473,4
100,1,0.18,1235,4
100,1,0.19,490,4
100,1,0.2,723,3
100,1,0.21,848,4
100,1,0.22,563,2
100,1,0.23,520,4
100,1,0.24,1040,4
100,1,0.25,550,2
100,1,0.26,664,2
100,1,0.27,811,5
100,1,0.28,654,2
100,1,0.29,527,2
100,1,0.3,931,4
100,1,0.31,627,3
100,1,0.32,627,2
100,1,0.33,708,2
100,1,0.34,676,3
100,1,0.35,566,2
100,1,0.36,872,3
100,1,0.37,665,2
100,1,0.38,621,2
100,1,0.39,690,2
100,1,0.4,704,2
100,1,0.41,573,2
100,1,0.42,828,2
100,1,0.43,607,2
100,1,0.44,549,2
100,1,0.45,609,2
100,1,0.46,632,2
100,1,0.47,495,2
100,1,0.48,618,2
100,1,0.49,480,2
100,1,0.5,445,2
100,1,0.51,548,2
100,1,0.52,469,2
100,1,0.53,406,2
100,1,0.54,418,2
100,1,0.55,397,2
100,1,0.56,365,2
100,1,0.57,331,2
100,1,0.58,389,2
100,1,0.59,301,2
100,1,0.6,304,2
100,1,0.61,280,2
100,1,0.62,250,3
100,1,0.63,204,2
100,1,0.64,242,2
100,1,0.65,186,2
100,1,0.66,198,2
100,1,0.67,217,2
100,1,0.68,196,2
100,1,0.69,216,2
100,1,0.7,173,2
100,1,0.71,180,2
100,1,0.72,199,2
100,1,0.73,153,2
100,1,0.74,176,2
100,1,0.75,162,2
100,1,0.76,165,3
100,1,0.77,131,2
100,1,0.78,154,2
100,1,0.79,131,2
100,1,0.8,136,2
100,1,0.81,112,2
100,1,0.82,111,2
100,1,0.83,96,2
100,1,0.84,155,2
100,1,0.85,89,2
100,1,0.86,146,2
100,1,0.87,105,2
100,1,0.88,90,2
100,1,0.89,85,2
100,1,0.9,78,2
100,1,0.91,66,2
100,1,0.92,87,2
100,1,0.93,89,2
100,1,0.94,220,2
100,1,0.95,182,2
100,1,0.96,255,2
100,1,0.97,231,2
100,1,0.98,499,2
100,1,0.99,481,2
100,1,1.0,853,2
100,1,1.01,256,2
100,1,1.02,58,2
100,1,1.03,4,2
100,1,1.04,1,1
100,2,0.0,12411,7
100,2,0.01,975,6
100,2,0.02,182,6
100,2,0.03,617,3
100,2,0.04,167,3
100,2,0.05,25,2
100,2,0.06,54,3
100,2,0.07,20,2
100,2,0.08,14,5
100,2,0.09,10,1
100,2,0.1,4,3
100,2,0.11,4,2
100,2,0.12,3,2
100,2,0.13,7,2
100,2,0.14,6,2
100,2,0.15,1,1
100,2,0.16,11,2
100,2,0.17,11,2
100,2,0.18,21,2
100,2,0.19,5,2
100,2,0.2,10,3
100,2,0.21,6,2
100,2,0.22,9,2
100,2,0.23,8,2
100,2,0.24,17,2
100,2,0.25,8,2
100,2,0.26,24,2
100,2,0.27,5,2
100,2,0.28,4,2
100,2,0.29,3,2
100,2,0.3,4,1
100,2,0.31,3,2
100,2,0.32,7,2
100,2,0.33,1,1
100,2,0.34,35,2
100,2,0.35,21,2
100,2,0.36,19,2
100,2,0.37,4,2
100,2,0.38,16,2
100,2,0.39,10,2
100,2,0.4,10,2
100,2,0.41,8,2
100,2,0.42,16,2
100,2,0.43,12,1
100,2,0.44,27,2
100,2,0.45,10,2
100,2,0.46,18,2
100,2,0.47,9,2
100,2,0.48,7,1
100,2,0.49,4,1
100,2,0.5,8,2
100,2,0.51,42,2
100,2,0.52,49,1
100,2,0.53,5,2
100,2,0.54,2,2
100,2,0.55,5,2
100,2,0.56,3,1
100,2,0.57,2,2
100,2,0.6,3,2
100,2,0.63,1,1
100,2,0.64,2,1
100,2,0.66,1,1
100,2,0.67,1,1
100,2,0.68,5,2
100,2,0.69,2,2
100,2,0.7,3,2
100,2,0.71,2,2
100,2,0.72,1,1
100,2,0.73,3,1
100,2,0.74,3,1
100,2,0.75,3,2
100,2,0.76,3,1
100,2,0.77,2,1
100,2,0.78,3,2
100,2,0.79,1,1
100,2,0.8,1,1
100,2,0.81,1,1
100,2,0.83,2,2
100,2,0.85,3,2
100,2,0.86,2,2
100,2,0.87,2,2
100,2,0.88,1,1
100,2,0.89,1,1
100,2,0.9,1,1
100,2,0.91,1,1
100,2,0.92,1,1
100,2,0.93,1,1
100,2,0.94,2,2
100,2,0.95,3,2
100,2,0.96,3,1
100,2,0.97,11,2
100,2,0.98,18,2
100,2,0.99,28,2
100,2,1.0,32,2
100,2,1.01,5,1
100,2,1.04,1,1
100,3,0.0,756,10
100,3,0.01,317,5
100,3,0.02,262,4
100,3,0.03,301,4
100,3,0.04,352,8
100,3,0.05,313,4
100,3,0.06,328,4
100,3,0.07,374,3
100,3,0.08,326,4
100,3,0.09,314,2
100,3,0.1,388,2
100,3,0.11,395,3
100,3,0.12,394,3
100,3,0.13,449,3
100,3,0.14,517,3
100,3,0.15,537,2
100,3,0.16,518,3
100,3,0.17,530,3
100,3,0.18,468,2
100,3,0.19,454,2
100,3,0.2,400,3
100,3,0.21,467,2
100,3,0.22,456,4
100,3,0.23,493,2
100,3,0.24,550,2
100,3,0.25,558,2
100,3,0.26,636,2
100,3,0.27,683,3
100,3,0.28,882,3
100,3,0.29,459,1
100,3,0.3,462,2
100,3,0.31,506,3
100,3,0.32,459,3
100,3,0.33,467,2
100,3,0.34,498,2
100,3,0.35,578,2
100,3,0.36,555,4
100,3,0.37,582,3
100,3,0.38,1414,4
100,3,0.39,396,5
100,3,0.4,474,4
100,3,0.41,378,3
100,3,0.42,720,4
100,3,0.43,262,4
100,3,0.44,332,4
100,3,0.45,410,4
100,3,0.46,375,5
100,3,0.47,416,4
100,3,0.48,399,5
100,3,0.49,757,4
100,3,0.5,364,4
100,3,0.51,398,5
100,3,0.52,462,5
100,3,0.53,1448,7
100,3,0.54,384,4
100,3,0.55,415,5
100,3,0.56,613,6
100,3,0.57,458,4
100,3,0.58,412,3
100,3,0.59,396,3
100,3,0.6,361,4
100,3,0.61,369,4
100,3,0.62,385,4
100,3,0.63,365,4
100,3,0.64,395,3
100,3,0.65,415,4
100,3,0.66,414,1
100,3,0.67,441,3
100,3,0.68,449,2
100,3,0.69,427,3
100,3,0.7,403,3
100,3,0.71,459,3
100,3,0.72,484,3
100,3,0.73,434,3
100,3,0.74,481,4
100,3,0.75,433,4
100,3,0.76,477,6
100,3,0.77,424,4
100,3,0.78,413,4
100,3,0.79,416,3
100,3,0.8,431,6
100,3,0.81,392,6
100,3,0.82,380,5
100,3,0.83,361,6
100,3,0.84,329,4
100,3,0.85,355,4
100,3,0.86,386,6
100,3,0.87,351,4
100,3,0.88,335,5
100,3,0.89,284,6
100,3,0.9,271,5
100,3,0.91,250,7
100,3,0.92,234,5
100,3,0.93,241,8
100,3,0.94,340,8
100,3,0.95,532,8
100,3,0.96,842,8
100,3,0.97,1328,8
100,3,0.98,2583,8
100,3,0.99,3733,8
100,3,1.0,6898,8
100,3,1.01,1074,9
100,3,1.02,80,5
100,3,1.03,39,3
100,3,1.04,19,2
100,3,1.05,19,1
100,3,1.06,10,2
100,3,1.07,17,2
100,3,1.08,11,1
100,3,1.09,5,1
100,3,1.1,5,1
100,3,1.11,5,1
100,3,1.12,3,1
100,3,1.13,1,1
100,3,1.15,2,1
100,3,1.17,1,1
100,3,1.19,1,1
500,0,0.0,534,15
500,0,0.01,22,9
500,0,0.02,11,7
500,0,0.03,8,2
500,0,0.05,2,2
500,0,0.06,6,2
500,0,0.08,2,2
500,0,0.09,1,1
500,0,0.1,1,1
500,0,0.13,1,1
500,0,0.21,1,1
500,0,0.3,1,1
500,1,0.0,1121,7
500,1,0.01,235,7
500,1,0.02,144,6
500,1,0.03,41,4
500,1,0.04,109,5
500,1,0.05,125,5
500,1,0.06,91,4
500,1,0.07,121,4
500,1,0.08,120,4
500,1,0.09,98,4
500,1,0.1,111,4
500,1,0.11,158,3
500,1,0.12,124,2
500,1,0.13,155,4
500,1,0.14,163,4
500,1,0.15,136,2
500,1,0.16,199,2
500,1,0.17,196,2
500,1,0.18,187,2
500,1,0.19,173,2
500,1,0.2,194,2
500,1,0.21,194,2
500,1,0.22,191,2
500,1,0.23,194,2
500,1,0.24,184,2
500,1,0.25,191,2
500,1,0.26,192,2
500,1,0.27,180,2
500,1,0.28,175,3
500,1,0.29,187,2
500,1,0.3,185,2
500,1,0.31,150,2
500,1,0.32,188,2
500,1,0.33,161,2
500,1,0.34,176,2
500,1,0.35,178,2
500,1,0.36,179,2
500,1,0.37,169,2
500,1,0.38,140,2
500,1,0.39,161,2
500,1,0.4,139,2
500,1,0.41,143,2
500,1,0.42,141,2
500,1,0.43,141,2
500,1,0.44,121,2
500,1,0.45,125,2
500,1,0.46,130,2
500,1,0.47,109,2
500,1,0.48,107,2
500,1,0.49,94,2
500,1,0.5,98,2
500,1,0.51,105,2
500,1,0.52,88,2
500,1,0.53,108,2
500,1,0.54,74,2
500,1,0.55,88,2
500,1,0.56,92,2
500,1,0.57,111,2
500,1,0.58,82,2
500,1,0.59,96,2
500,1,0.6,70,2
500,1,0.61,74,2
500,1,0.62,76,2
500,1,0.63,58,2
500,1,0.64,49,2
500,1,0.65,56,2
500,1,0.66,50,2
500,1,0.67,51,2
500,1,0.68,41,2
500,1,0.69,51,2
500,1,0.7,53,2
500,1,0.71,44,2
500,1,0.72,47,2
500,1,0.73,51,2
500,1,0.74,46,2
500,1,0.75,54,2
500,1,0.76,51,2
500,1,0.77,51,2
500,1,0.78,60,2
500,1,0.79,56,2
500,1,0.8,47,2
500,1,0.81,51,2
500,1,0.82,59,2
500,1,0.83,48,2
500,1,0.84,44,2
500,1,0.85,37,2
500,1,0.86,23,2
500,1,0.87,14,2
500,1,0.88,18,2
500,1,0.89,7,2
500,1,0.9,5,2
500,1,0.91,4,1
500,1,0.92,2,2
500,1,0.93,2,2
500,1,0.94,1,1
500,1,0.96,1,1
500,2,0.0,2197,7
500,2,0.01,522,4
500,2,0.02,122,5
500,2,0.03,33,2
500,2,0.04,5,3
500,2,0.05,2,1
500,2,0.06,4,1
500,2,0.07,1,1
500,2,0.1,2,1
500,2,0.11,1,1
500,2,0.12,1,1
500,2,0.13,1,1
500,2,0.14,1,1
500,2,0.16,3,2
500,2,0.17,1,1
500,2,0.18,2,2
500,2,0.19,2,2
500,2,0.2,5,2
500,2,0.21,4,2
500,2,0.22,3,1
500,2,0.24,2,1
500,2,0.25,1,1
500,2,0.26,4,1
500,2,0.27,1,1
500,2,0.28,2,1
500,2,0.29,2,2
500,2,0.3,2,1
500,2,0.31,1,1
500,2,0.36,3,1
500,2,0.37,4,2
500,2,0.38,7,2
500,2,0.39,8,2
500,2,0.4,6,1
500,2,0.41,8,1
500,2,0.42,8,1
500,2,0.43,3,2
500,2,0.5,2,1
500,2,0.51,7,1
500,2,0.52,11,2
500,2,0.54,1,1
500,2,0.57,1,1
500,2,0.59,1,1
500,2,0.63,1,1
500,2,0.64,2,1
500,2,0.68,1,1
500,2,0.69,1,1
500,2,0.7,2,2
500,2,0.71,1,1
500,2,0.72,2,1
500,2,0.74,2,1
500,2,0.75,1,1
500,2,0.76,1,1
500,2,0.77,1,1
500,2,0.81,1,1
500,2,0.9,1,1
500,2,0.93,2,2
500,2,0.98,4,1
500,2,0.99,7,1
500,2,1.0,2,1
500,3,0.0,45,8
500,3,0.01,5,2
500,3,0.02,3,2
500,3,0.03,3,2
500,3,0.04,8,2
500,3,0.05,10,2
500,3,0.06,11,1
500,3,0.07,1,1
500,3,0.08,1,1
500,3,0.09,2,2
500,3,0.11,2,2
500,3,0.12,1,1
500,3,0.13,3,1
500,3,0.14,16,2
500,3,0.15,16,2
500,3,0.16,27,3
500,3,0.17,69,2
500,3,0.18,78,1
500,3,0.19,118,2
500,3,0.2,128,1
500,3,0.21,298,1
500,3,0.22,250,2
500,3,0.23,161,1
500,3,0.24,169,2
500,3,0.25,215,3
500,3,0.26,141,1
500,3,0.27,88,1
500,3,0.28,77,2
500,3,0.29,160,2
500,3,0.3,155,1
500,3,0.31,157,1
500,3,0.32,183,2
500,3,0.33,132,1
500,3,0.34,146,2
500,3,0.35,190,2
500,3,0.36,264,2
500,3,0.37,333,3
500,3,0.38,89,3
500,3,0.39,176,4
500,3,0.4,159,2
500,3,0.41,108,2
500,3,0.42,92,2
500,3,0.43,128,3
500,3,0.44,114,3
500,3,0.45,130,4
500,3,0.46,138,3
500,3,0.47,169,3
500,3,0.48,181,4
500,3,0.49,180,4
500,3,0.5,131,4
500,3,0.51,147,3
500,3,0.52,97,3
500,3,0.53,74,3
500,3,0.54,123,3
500,3,0.55,94,2
500,3,0.56,83,3
500,3,0.57,70,3
500,3,0.58,115,1
500,3,0.59,129,2
500,3,0.6,74,2
500,3,0.61,85,2
500,3,0.62,85,1
500,3,0.63,87,1
500,3,0.64,64,1
500,3,0.65,92,3
500,3,0.66,70,1
500,3,0.67,61,3
500,3,0.68,95,1
500,3,0.69,93,1
500,3,0.7,146,2
500,3,0.71,139,2
500,3,0.72,123,1
500,3,0.73,158,2
500,3,0.74,173,2
500,3,0.75,141,3
500,3,0.76,144,2
500,3,0.77,97,3
500,3,0.78,62,1
500,3,0.79,29,1
500,3,0.8,6,3
500,3,0.81,2,1
500,3,0.82,1,1
500,3,0.83,4,4
500,3,0.84,10,2
500,3,0.85,19,2
500,3,0.86,32,1
500,3,0.87,25,3
500,3,0.88,13,1
500,3,0.89,14,2
500,3,0.9,6,1
500,3,0.91,11,4
500,3,0.92,11,2
500,3,0.93,22,2
500,3,0.94,17,4
500,3,0.95,79,4
500,3,0.96,240,4
500,3,0.97,284,6
500,3,0.98,510,7
500,3,0.99,1333,6
500,3,1.0,993,6
500,3,1.01,2,2
2500,0,0.0,94,12
2500,0,0.01,7,2
2500,0,0.02,5,2
2500,0,0.03,2,1
2500,0,0.04,1,1
2500,1,0.0,199,6
2500,1,0.01,56,4
2500,1,0.02,38,3
2500,1,0.03,18,2
2500,1,0.04,19,2
2500,1,0.05,7,1
2500,1,0.06,2,2
2500,1,0.07,1,1
2500,1,0.08,1,1
2500,1,0.09,1,1
2500,1,0.14,4,1
2500,1,0.15,4,2
2500,1,0.16,7,2
2500,1,0.17,13,2
2500,1,0.18,21,2
2500,1,0.19,16,2
2500,1,0.2,34,2
2500,1,0.21,39,2
2500,1,0.22,26,2
2500,1,0.23,31,2
2500,1,0.24,43,2
2500,1,0.25,46,2
2500,1,0.26,59,2
2500,1,0.27,46,2
2500,1,0.28,43,2
2500,1,0.29,50,2
2500,1,0.3,50,2
2500,1,0.31,61,2
2500,1,0.32,63,2
2500,1,0.33,61,2
2500,1,0.34,55,2
2500,1,0.35,60,2
2500,1,0.36,73,2
2500,1,0.37,73,2
2500,1,0.38,60,2
2500,1,0.39,58,2
2500,1,0.4,69,2
2500,1,0.41,59,2
2500,1,0.42,75,2
2500,1,0.43,56,2
2500,1,0.44,53,2
2500,1,0.45,44,2
2500,1,0.46,53,2
2500,1,0.47,53,2
2500,1,0.48,63,2
2500,1,0.49,39,2
2500,1,0.5,30,2
2500,1,0.51,19,2
2500,1,0.52,25,2
2500,1,0.53,18,2
2500,1,0.54,25,2
2500,1,0.55,16,2
2500,1,0.56,11,2
2500,1,0.57,19,2
2500,1,0.58,5,2
2500,1,0.59,7,2
2500,1,0.6,2,2
2500,1,0.62,6,1
2500,1,0.63,3,1
2500,1,0.64,5,1
2500,1,0.66,4,2
2500,1,0.67,1,1
2500,1,0.68,2,2
2500,1,0.69,1,1
2500,2,0.0,412,6
2500,2,0.01,146,3
2500,2,0.02,13,2
2500,2,0.03,1,1
2500,2,0.06,1,1
2500,2,0.07,1,1
2500,2,0.12,1,1
2500,2,0.15,1,1
2500,2,0.18,1,1
2500,2,0.2,1,1
2500,2,0.26,1,1
2500,2,0.27,1,1
2500,2,0.29,2,1
2500,2,0.33,1,1
2500,2,0.35,2,1
2500,2,0.38,2,2
2500,2,0.39,1,1
2500,2,0.4,2,1
2500,2,0.41,2,2
2500,2,0.42,1,1
2500,2,0.45,1,1
2500,2,0.48,1,1
2500,2,0.51,1,1
2500,2,0.52,2,1
2500,2,0.62,1,1
2500,2,0.64,1,1
2500,2,0.67,1,1
2500,2,0.74,1,1
2500,2,0.99,2,1
2500,3,0.0,5,4
2500,3,0.01,1,1
2500,3,0.05,5,1
2500,3,0.06,1,1
2500,3,0.07,1,1
2500,3,0.15,2,2
2500,3,0.16,2,2
2500,3,0.23,1,1
2500,3,0.31,1,1
2500,3,0.32,1,1
2500,3,0.33,1,1
2500,3,0.35,2,1
2500,3,0.36,13,1
2500,3,0.37,7,1
2500,3,0.38,46,1
2500,3,0.39,133,2
2500,3,0.4,201,2
2500,3,0.41,156,1
2500,3,0.42,93,1
2500,3,0.43,92,1
2500,3,0.44,81,3
2500,3,0.45,76,1
2500,3,0.46,99,4
2500,3,0.47,93,2
2500,3,0.48,103,3
2500,3,0.49,113,1
2500,3,0.5,170,2
2500,3,0.51,100,2
2500,3,0.52,73,2
2500,3,0.53,3,2
2500,3,0.54,1,1
2500,3,0.55,1,1
2500,3,0.58,1,1
2500,3,0.6,1,1
2500,3,0.61,1,1
2500,3,0.72,1,1
2500,3,0.77,1,1
2500,3,0.85,2,1
2500,3,0.86,10,1
2500,3,0.87,8,2
2500,3,0.88,1,1
2500,3,0.89,1,1
2500,3,0.9,4,3
2500,3,0.92,3,2
2500,3,0.93,3,2
2500,3,0.94,5,1
2500,3,0.95,4,2
2500,3,0.96,21,4
2500,3,0.97,98,4
2500,3,0.98,116,4
2500,3,0.99,301,6
2500,3,1.0,144,5