num,capture,name,date,size,labeled,passivedns
48,51,botnet-capture-20110818-bot.pcap,2011-08-18 15:37  ,66000000000,True,False
327,300-1,capture_win22.pcap,2017-07-26 10:30  ,61000000000,False,True
228,211-2,2017-03-02_win2.pcap,2017-02-03 15:59  ,27000000000,False,True
162,164-1,2015-07-01_winnormal2.pcap,2016-06-22 22:04  ,12000000000,False,True
227,211-1,2016-12-05_win16.pcap,2016-12-05 09:57  ,12000000000,False,True
32,27-1,2013-10-25_capture-win11.pcap,2013-11-25 07:01  ,11000000000,False,True
335,309-1,capture_win8.pcap,2017-08-16 10:18  ,11000000000,False,True
199,191-1,2016-09-29_capture_win11.pcap,2016-09-29 20:36  ,10000000000,False,True
35,31-1,2013-11-25_capture-win10-2.pcap,2013-12-04 06:19  ,8199999999,True,True
64,78-1,2014-05-30_capture-win8.pcap,2014-05-30 10:30  ,6000000000,True,True
0,1,2013-10-01_capture-win12.pcap,2013-10-01 13:38  ,5700000000,True,True
92,111-5,2015-07-08_capture-win9.pcap,2015-07-08 00:02  ,4800000000,False,False
87,110-6,2015-06-07_capture-win9.pcap,2017-04-25 09:45  ,4400000000,False,True
49,52,botnet-capture-20110818-bot-2.pcap,2011-08-18 15:55  ,4000000000,True,False
94,112-2,2015-04-09_capture-win11.pcap,2015-04-08 22:04  ,3900000000,False,True
33,27-2,2013-10-25_capture-win4.pcap,2013-11-25 07:01  ,3100000000,False,True
231,215-1,2017-01-24_win8.pcap,2017-01-24 15:49  ,3100000000,False,True
384,355-1,2018-05-07_capture-win6.pcap,2018-05-14 16:22  ,2800000000,False,True
383,354-1,2018-04-05_capture-win5.pcap,2018-05-14 15:00  ,2500000000,False,True
65,78-2,2014-06-06_capture-win8.pcap,2014-06-06 00:07  ,2400000000,True,True
91,111-4,2015-06-07_capture-win10.pcap,2015-06-07 20:31  ,2300000000,False,False
96,112-4,2015-06-07_capture-win11.pcap,2015-06-07 20:34  ,2100000000,False,True
232,215-2,2017-04-18_win19.pcap,2017-04-18 16:56  ,2000000000,False,True
328,301-1,capture_win2.pcap,2017-07-26 10:30  ,1900000000,False,True
393,372-1,2018-12-09_capture-win6.pcap,2019-01-11 12:24  ,1900000000,False,False
36,31,2014-01-10_capture-win10.pcap,2014-01-10 12:49  ,1800000000,True,False
119,125-1,2015-06-07_capture-win5.pcap,2015-06-07 20:05  ,1700000000,False,True
390,369-1,2019-12-07_capture-win5.pcap,2019-01-11 12:24  ,1600000000,False,False
175,174-1,2016-08-05_win6.pcap,2016-08-11 23:59  ,1500000000,False,True
134,138-1,2013-06-08_capture1.pcap,2015-10-05 20:46  ,1400000000,False,True
90,111-3,2015-04-22_capture-win10.pcap,2015-04-22 09:26  ,1300000000,False,False
84,110-3,2015-04-09_capture-win9.pcap,2015-04-08 22:02  ,1300000000,False,False
6,7,2013-08-20_capture-win4.pcap,2013-08-15 16:32  ,1200000000,False,False
121,126-1,2015-06-07_capture-win7.pcap,2015-06-07 20:17  ,1200000000,False,True
125,128-2,2015-06-19_capture-win12.pcap,2015-06-18 19:13  ,1100000000,False,True
148,150-1,2015-12-05_capture-win3.pcap,2016-01-11 16:10  ,1100000000,False,True
246,226-1,2017-2-27_win5.pcap,2017-02-27 11:26  ,1100000000,False,True
221,206-1,2016-12-02_win2.pcap,2016-12-02 20:22  ,1100000000,False,True
194,189-1,2016-09-26_win7.pcap,2016-09-26 17:37  ,1000000000,False,True
192,188-3,2016-10-20_win9.pcap,2016-10-20 16:35  ,929000000,False,True
4,5,2013-08-20_capture-win14.pcap,2013-12-06 13:53  ,898000000,False,False
247,226-2,2017-02-27_win16.pcap,2017-02-27 11:26  ,892000000,False,True
24,25-1,2013-11-06_capture-win6.pcap,2013-11-06 15:24  ,884000000,True,True
217,203-1,2016-11-24_win8.pcap,2016-11-24 19:33  ,867000000,False,True
377,348-1,2018-04-04_win20.pcap,2018-03-28 11:10  ,804000000,False,True
389,368-3,2020-01-19_capture-win2.pcap,2020-01-19 18:39  ,795000000,False,False
331,305-1,2017-08-14_win3.pcap,2017-08-02 16:54  ,772000000,False,True
85,110-4,2015-04-22_capture-win9.pcap,2017-04-25 09:39  ,762000000,False,True
165,167-1,2016-05-27_win-4.pcap,2016-07-12 07:31  ,756000000,False,True
238,219-3,capture_win9.pcap,2017-02-27 11:26  ,738000000,False,True
388,368-2,2019-05-09-capture_win2.pcap,2019-07-13 08:10  ,730000000,False,False
190,188-1,2016-09-19_win2.pcap,2016-09-19 17:35  ,687000000,False,True
179,178-1,2016-06-21_win12.pcap,2016-07-12 07:31  ,679000000,False,True
362,333-1,2017-08-30_capture-win3.pcap,2018-02-03 08:08  ,655000000,False,True
61,69,2014-04-07_capture-win17.pcap,2014-04-06 09:51  ,650000000,False,True
89,111-2,2015-04-09_capture-win10.pcap,2017-04-27 10:54  ,648000000,False,True
298,272-3,capture_win17.pcap,2017-11-24 17:33  ,645000000,False,True
212,199-1,2016-11-4_win12.pcap,2016-11-04 22:30  ,617000000,False,True
241,221-2,2017-02-27_win12.pcap,2017-02-27 11:26  ,607000000,False,True
178,177-1,2016-06-21_win11.pcap,2016-07-12 07:31  ,575000000,False,True
381,352-1,2018-05-04_win19.pcap,2018-05-04 23:15  ,547000000,False,True
385,364-1,2018-05-08_capture-win-20.pcap,2018-05-14 21:59  ,547000000,False,False
132,135-1,2015-09-10_winlinux.pcap,2015-09-16 15:37  ,497000000,False,True
207,194-1,2016-10-13_capture_win15.pcap,2016-10-13 17:36  ,494000000,False,True
332,305-2,2017-08-02_win4.pcap,2017-08-02 16:54  ,492000000,False,True
387,368-1,2018-09-15_win2.pcap,2018-10-10 01:08  ,492000000,False,True
15,16,2013-08-28_capture-win11.pcap,2013-12-06 13:25  ,491000000,False,False
55,61-1,2014-05-30_capture-win13.pcap,2014-05-30 10:39  ,455000000,False,True
347,320-2,2018-01-30_win17.pcap,2018-01-31 03:06  ,452000000,False,True
343,317-1,capture1.pcap,2016-07-12 07:30  ,452000000,False,True
295,270-1,2017-06-24_win9.pcap,2017-06-24 22:45  ,444000000,False,True
220,205-2,2016-12-12_win5.pcap,2016-12-05 09:57  ,437000000,False,True
198,190-2,2016-09-28_capture_win16.pcap,2016-09-28 23:29  ,426000000,False,True
223,208-1,2016-12-12_win18.pcap,2016-12-05 09:57  ,417000000,False,True
355,327-2,2018-03-27_win3.pcap,2018-03-27 18:58  ,410000000,False,True
2,3,2013-08-20_capture-win15.pcap,2013-12-06 13:56  ,409000000,False,False
195,189-2,2017-06-07_win17.pcap,2017-06-07 20:47  ,399000000,False,True
60,66-1,2014-04-07_capture-win13.pcap,2016-03-30 19:42  ,395000000,False,True
138,141-2,2015-10-23_capture-win10.pcap,2016-01-06 09:27  ,384000000,False,True
211,198-1,2016-11-4_win11.pcap,2016-11-04 22:04  ,384000000,False,True
346,320-1,2017-12-18_win2.pcap,2017-12-18 14:50  ,384000000,False,True
67,83-2,2014-06-30_capture-win2.pcap,2014-06-30 09:25  ,368000000,False,True
167,168-2,2016-08-03_win-1.pcap,2016-08-11 23:59  ,364000000,False,True
202,192-3,2016-12-26_win10.pcap,2016-12-26 15:17  ,363000000,False,True
237,219-2,2017-2-22_win3.pcap,2017-02-27 11:26  ,362000000,False,True
219,205-1,2016-12-02_win7.pcap,2016-12-02 16:22  ,357000000,False,True
344,318-1,2017-11-22_win4.pcap,2017-11-22 19:19  ,353000000,False,True
38,36,capture-win2.pcap,2014-01-31 17:38  ,347000000,False,True
124,128-1,2015-06-07_capture-win12.pcap,2015-06-07 20:38  ,337000000,False,True
333,306-1,2017-08-01_capture-win5.pcap,2017-08-02 16:54  ,336000000,False,True
137,141-1,2015-23-10_win10.pcap,2015-10-23 09:35  ,323000000,False,True
7,8,2013-11-06_capture-win9.pcap,2013-11-06 10:37  ,316000000,True,False
254,232-1,2017-02-27_win18.pcap,2017-02-27 11:26  ,314000000,False,True
349,322-1,2018-01-29_win6.pcap,2018-01-29 20:56  ,309000000,False,True
371,342-1,2018-03-27_win4.pcap,2018-03-27 19:46  ,309000000,False,True
113,120-2,2015-06-07_capture-win4.pcap,2015-06-07 20:02  ,305000000,False,True
265,243-1,2017-04-12_win5.pcap,2017-04-12 15:40  ,288000000,False,True
141,144-1,2015-10-23_win5.pcap,2015-10-23 12:10  ,283000000,False,True
28,25-5,2014-03-12_capture-win3.pcap,2014-03-12 08:40  ,282000000,False,True
50,53,botnet-capture-20110819-bot.pcap,2011-08-19 11:46  ,281000000,True,False
136,140-2,2015-10-27_capture-win11.pcap,2016-01-06 09:26  ,281000000,False,True
142,145-1,2015-10-23_win4.pcap,2015-10-23 12:14  ,273000000,False,True
259,237-1,2017-3-30_win4.pcap,2017-03-30 17:13  ,272000000,False,True
193,188-4,2016-10-27_win6.pcap,2016-10-27 16:19  ,263000000,False,True
286,262-1,2017-05-15_win16.pcap,2017-05-16 17:50  ,261000000,False,True
205,193-1,2016-10-12_capture_win20.pcap,2016-10-12 23:20  ,260000000,False,True
230,214-1,2016-12-30_win12.pcap,2016-12-30 13:48  ,259000000,False,True
18,17,2013-09-09_capture-win19.pcap,2013-09-09 14:05  ,254000000,False,False
19,19,2013-09-09_capture-win19.pcap,2013-09-09 14:05  ,254000000,False,False
215,201-1,2016-11-17_win15.pcap,2016-11-17 17:48  ,254000000,False,True
20,21,2013-09-09_capture-win19.pcap,2013-09-09 14:05  ,254000000,False,False
17,17-2,2013-09-09_capture-win19.pcap,2013-09-09 14:05  ,254000000,False,True
16,17-1,2013-09-09_capture-win18.pcap,2013-09-09 14:02  ,254000000,False,True
350,323-1,2018-01-29_win7.pcap,2018-01-29 23:22  ,252000000,False,True
206,193-2,2016-10-27_capture_win6.pcap,2016-10-27 15:33  ,251000000,False,True
376,347-1,2018-04-04_win16.pcap,2018-03-28 11:10  ,251000000,False,True
68,89-1,2014-09-15_capture-win2.pcap,2014-09-14 02:33  ,250000000,False,True
169,169-2,2016-09-02_win3.pcap,2016-08-11 23:59  ,247000000,False,True
330,303-1,2017-08-12_capture-win2.pcap,2017-08-12 14:51  ,244000000,False,True
189,187-2,2016-10-13_capture_win1.pcap,2016-10-13 16:38  ,240000000,False,True
201,192-2,2016-09-30_capture_win13.pcap,2016-09-30 21:55  ,239000000,False,True
139,142-1,2015-10-23_win7.pcap,2015-09-26 05:46  ,236000000,False,True
216,202-1,2016-11-17_win20.pcap,2016-11-17 18:39  ,232000000,False,True
285,261-4,2017-06-15_win20.pcap,2017-06-15 19:44  ,228000000,False,True
368,339-1,2018-03-01_win9.pcap,2018-03-02 14:54  ,226000000,False,True
224,208-2,2016-12-30_win3.pcap,2016-12-30 16:44  ,223000000,False,True
375,346-1,2018-04-03_win12.pcap,2018-03-28 11:10  ,223000000,False,True
135,140-1,2015-10-23_win11.pcap,2015-10-23 09:28  ,222000000,False,True
284,261-3,2017-05-08_win14.pcap,2017-06-08 19:23  ,214000000,False,True
163,165-1,2016-05-27_capture-win2.pcap,2016-07-12 07:31  ,213000000,False,True
352,325-1,2018-01-30_win9.pcap,2018-01-30 19:27  ,212000000,False,True
373,344-1,2018-04-03_win10.pcap,2018-03-28 11:10  ,212000000,False,True
42,45,botnet-capture-20110815-rbot-dos.pcap,2011-08-15 14:23  ,212000000,True,False
283,261-2,2017-06-07_win12.pcap,2017-06-07 21:21  ,211000000,False,True
170,169-3,2016-08-03_win4.pcap,2016-08-11 23:59  ,211000000,False,True
218,204-1,2016-11-29_win9.pcap,2016-11-29 15:53  ,210000000,False,True
282,261-1,2017-05-15_win15.pcap,2017-05-16 17:36  ,204000000,False,True
146,149-1,2015-12-09_capture-win4.pcap,2015-12-08 08:17  ,201000000,False,True
354,327-1,capture_win11.pcap,2018-02-02 20:14  ,197000000,False,True
353,326-1,2018-01-30_win10.pcap,2018-01-30 23:22  ,193000000,False,True
105,116-3,2012-05-30-capture-3.pcap,2012-05-30 15:33  ,186000000,False,False
11,12,2013-10-17_capture-win11-until-2013-10-17.pcap,2013-10-17 04:14  ,186000000,False,False
147,149-2,2015-12-09_capture-win4.pcap,2015-12-09 19:23  ,186000000,False,True
370,341-1,2018-03-27_win23.pcap,2018-03-27 16:38  ,184000000,False,True
250,229-1,2017-2-27_win14.pcap,2017-02-27 11:26  ,183000000,False,True
380,351-1,2018-05-03_win11.pcap,2018-05-04 00:18  ,174000000,False,True
245,225-1,capture_win1.pcap,2017-02-27 11:26  ,171000000,False,True
191,188-2,2016-09-22_win3.pcap,2016-09-22 19:59  ,171000000,False,True
379,350-1,2018-05-03_win16.pcap,2018-05-03 22:41  ,170000000,False,True
37,35-1,2014-01-31_capture-win7.pcap,2014-01-31 17:38  ,168000000,False,True
369,340-1,2018-03-20_win8.pcap,2018-03-20 15:28  ,167000000,False,True
253,231-1,2017-02-27_win15.pcap,2017-02-27 11:26  ,167000000,False,True
234,217-1,2017-02-22_win8.pcap,2017-02-27 11:26  ,155000000,False,True
164,166-1,2016-04-29_win-3.pcap,2016-05-02 10:18  ,155000000,False,True
337,311-1,capture_win10.pcap,2017-08-16 10:18  ,153000000,False,True
339,313-1,capture_win12.pcap,2017-08-16 10:15  ,149000000,False,True
342,316-1,capture_win15.pcap,2017-08-16 10:18  ,146000000,False,True
248,227-1,2017-02-27_win6.pcap,2017-02-27 11:26  ,144000000,False,True
374,345-1,2018-04-03_win11.pcap,2018-03-28 11:10  ,143000000,False,True
269,247-1,2017-04-17_win14.pcap,2017-04-17 20:45  ,142000000,False,True
30,25,2014-12-20_capture-win3.pcap,2014-12-17 17:49  ,134000000,False,False
29,25-6,2014-12-20_capture-win3.pcap,2014-12-17 17:49  ,134000000,False,True
172,171-1,2016-05-04_capture-win7.pcap,2016-07-12 07:31  ,133000000,False,True
225,209-1,2016-12-05_win13.pcap,2016-12-05 09:57  ,132000000,False,True
57,61-3,2014-06-30_capture-win13.pcap,2014-06-30 09:47  ,126000000,False,False
41,44,botnet-capture-20110812-rbot.pcap,2011-08-15 14:22  ,123000000,True,False
378,349-1,2018-05-03_win12.pcap,2018-05-03 20:05  ,122000000,False,True
200,192-1,2016-09-30_capture_win12.pcap,2016-09-30 21:22  ,120000000,False,True
242,222-1,capture_win6.pcap,2017-02-17 20:04  ,120000000,False,True
213,199-2,2016-11-17_win17.pcap,2016-11-17 18:19  ,117000000,False,True
23,24,2013-11-06_capture-win18.pcap,2013-11-06 14:53  ,116000000,True,False
174,173-1,2016-08-03_win5.pcap,2016-08-11 23:59  ,116000000,False,True
9,10,2013-08-20_capture-win10.pcap,2015-02-05 14:55  ,116000000,True,False
266,244-1,2017-04-12_win11.pcap,2017-04-12 16:27  ,115000000,False,True
214,200-1,2016-11-8_win14.pcap,2016-11-08 14:38  ,114000000,False,True
31,26,2013-10-30_capture-win10.pcap,2013-10-30 12:45  ,113000000,True,False
229,213-1,2016-12-22_win5.pcap,2016-12-22 15:24  ,109000000,False,True
51,54,botnet-capture-20110815-fast-flux-2.pcap,2011-08-16 09:37  ,109000000,True,False
209,196-1,2016-11-4_win9.pcap,2016-11-04 15:59  ,108000000,False,True
120,125-2,2015-07-08_capture-win5.pcap,2015-07-08 00:24  ,107000000,False,True
106,116-4,2012-05-25-capture1.pcap,2015-10-07 13:25  ,106000000,False,True
5,6,2013-08-20_capture-win11.pcap,2013-12-06 16:38  ,105000000,False,False
123,127-2,2015-07-08_capture-win8.pcap,2015-07-08 00:10  ,97000000,False,True
66,83-1,2014-06-06_capture-win2.pcap,2014-06-06 00:01  ,95000000,False,True
88,111-1,2015-03-09_capture-win10.pcap,2017-04-25 09:28  ,94000000,False,True
81,109-1,2015-03-09_capture-win8.pcap,2017-04-25 09:27  ,93000000,False,True
208,195-1,2016-11-1_win20.pcap,2016-11-01 19:09  ,92000000,False,True
210,197-1,2016-11-4_win10.pcap,2016-11-04 21:02  ,91000000,False,True
261,239-1,2017-3-30_win7.pcap,2017-03-30 18:19  ,90000000,False,True
260,238-1,2017-3-30_win6.pcap,2017-03-30 17:49  ,89000000,False,True
263,241-1,2017-3-30_win9.pcap,2017-03-30 21:27  ,88000000,False,True
262,240-1,2017-3-29_win8.pcap,2017-03-30 20:52  ,83000000,False,True
82,110-1,2015-03-09_capture-win9.pcap,2017-04-25 09:28  ,83000000,False,True
288,264-1,2017-06-24_win3.pcap,2017-06-24 20:40  ,83000000,False,True
264,242-1,2017-3-30_win10.pcap,2017-03-30 21:40  ,81000000,False,True
235,218-1,capture_win19.pcap,2017-02-13 20:19  ,79000000,False,True
292,267-1,2017-06-24_win6.pcap,2017-06-24 21:52  ,78000000,False,True
290,265-1,2017-06-24_win4.pcap,2017-06-24 20:55  ,77000000,False,True
365,336-1,2018-02-23_win10.pcap,2018-02-23 19:36  ,76000000,False,True
291,266-1,2017-06-24_win5.pcap,2017-06-24 21:22  ,76000000,False,True
25,25-2,2014-01-25_capture_win3.pcap,2014-01-31 17:34  ,75000000,False,True
95,112-3,2015-04-22_capture-win11.pcap,2015-04-22 09:24  ,74000000,False,False
233,216-1,2017-02-08_win9.pcap,2017-02-08 19:43  ,73000000,False,True
302,276-1,2017-06-24_win16.pcap,2017-06-24 23:58  ,71000000,False,True
289,264-2,2017-06-24_win15.pcap,2017-06-24 23:52  ,71000000,False,True
154,157-1,2015-05-01_linux-1.pcap,2016-03-07 10:39  ,70000000,False,True
306,279-1,2017-06-24_win20.pcap,2017-06-25 00:41  ,70000000,False,True
394,373-1,2018-12-09_capture-win7.pcap,2019-01-11 12:24  ,69000000,False,False
166,168-1,2016-07-30_capture-win1.pcap,2016-08-03 11:54  ,69000000,False,True
93,112-1,2015-03-09_capture-win11.pcap,2017-04-25 09:28  ,68000000,False,True
268,246-1,2017-04-17_win1.pcap,2017-04-17 19:26  ,68000000,False,True
305,278-1,2017-06-24_win19.pcap,2017-06-25 00:31  ,67000000,False,True
270,248-1,2017-04-18_win18.pcap,2017-04-18 15:13  ,66000000,False,True
391,370-1,2017-02-13_win3.pcap,2017-02-13 19:11  ,61000000,False,False
293,268-1,2017-06-24_win7.pcap,2017-06-24 22:12  ,60000000,False,True
294,269-1,2017-06-24_win8.pcap,2017-06-24 22:24  ,60000000,False,True
297,272-1,2017-06-24_win11.pcap,2017-06-24 23:05  ,59000000,False,True
296,271-1,2017-06-24_win10.pcap,2017-06-24 22:54  ,59000000,False,True
188,187-1,2016-09-19_win1.pcap,2016-09-19 15:26  ,58000000,False,True
177,176-1,2016-07-07_win10.pcap,2016-07-12 07:31  ,57000000,False,True
153,156-1,2016-29-4_capture-win4.pcap,2016-04-29 21:31  ,57000000,False,True
249,228-1,2017-2-27_win13.pcap,2017-02-27 11:26  ,57000000,False,True
39,42,botnet-capture-20110810-neris.pcap,2011-08-11 09:31  ,56000000,False,False
185,184-1,2016-07-29_winn3.pcap,2016-07-30 14:16  ,55000000,False,True
360,331-2,2018-02-15_win5.pcap,2018-02-15 14:31  ,55000000,False,True
156,159-1,2015-05-01_capture-win4.pcap,2016-04-30 16:21  ,55000000,False,True
133,137-1,2015-10-04.win.pcap,2015-10-04 16:03  ,54000000,False,True
157,160-1,2015-05-01_capture-win8.pcap,2016-04-30 15:23  ,54000000,False,True
367,338-1,2018-02-23_win13.pcap,2018-02-23 20:38  ,53000000,False,True
366,337-1,2018-02-23_win11.pcap,2018-02-23 20:13  ,53000000,False,True
160,162-2,2016-05-29_capture-win5.pcap,2016-07-12 07:30  ,53000000,False,True
304,277-1,2017-06-24_win18.pcap,2017-06-25 00:15  ,52000000,False,True
155,158-1,2015-05-01_capture-win2.pcap,2016-04-30 10:32  ,52000000,False,True
278,257-1,2017-05-16_win5.pcap,2017-05-16 15:38  ,52000000,False,True
244,224-1,capture_win11.pcap,2017-02-27 11:26  ,52000000,False,True
145,148-1,2015-10-23_capture-win8.pcap,2015-10-23 10:00  ,47000000,False,True
102,115-1,2015-04-09_capture-win3.pcap,2017-04-25 09:29  ,47000000,False,True
271,249-1,2017-04-18_win20.pcap,2017-04-18 17:36  ,47000000,False,True
187,186-1,2016-09-14_win18.pcap,2016-09-14 14:21  ,46000000,False,True
107,117-1,2015-04-11_capture-win3.pcap,2017-04-27 10:58  ,46000000,False,True
101,114-4,2015-07-08_capture-win2.pcap,2015-07-08 00:42  ,45000000,False,False
111,119-3,2015-07-08_capture-win3.pcap,2015-07-08 00:34  ,45000000,False,False
252,230-2,2018-02-15_win7.pcap,2018-02-15 15:56  ,44000000,False,True
299,273-1,2017-06-24_win12.pcap,2017-06-24 23:23  ,44000000,False,True
267,245-1,2017-04-12_win12.pcap,2017-04-12 17:06  ,44000000,False,True
53,59,2014-03-12_capture-win15.pcap,2014-03-12 09:42  ,40000000,False,True
56,61-2,2014-06-06_capture-win13.pcap,2014-06-06 08:43  ,40000000,False,True
100,114-3,2015-06-07_capture-win2.pcap,2015-06-07 19:38  ,40000000,False,False
168,169-1,2016-08-04_capture-win3.pcap,2016-08-04 14:12  ,39000000,False,True
301,275-1,2017-06-24_win14.pcap,2017-06-24 23:40  ,37000000,False,True
203,192-4,2016-12-26_win17.pcap,2016-12-26 15:53  ,36000000,False,True
72,100,2014-12-20_capture-win5.pcap,2014-12-17 17:51  ,36000000,False,True
40,43,botnet-capture-20110811-neris.pcap,2011-08-11 14:01  ,35000000,True,False
59,65,2014-04-07_capture-win11.pcap,2014-04-06 09:48  ,35000000,False,True
363,334-1,2018-02-16_win4.pcap,2018-02-16 15:40  ,35000000,False,True
351,324-1,2018-01-30_win13.pcap,2018-01-30 18:45  ,33000000,False,True
281,260-1,2017-15-05_win11.pcap,2017-05-16 16:53  ,33000000,False,True
359,331-1,2018-02-02_win7.pcap,2018-02-02 21:24  ,32000000,False,True
382,353-1,2018-05-07_capture.pcap,2018-05-07 17:34  ,31000000,False,True
236,219-1,capture_win9.pcap,2017-02-14 09:03  ,31000000,False,True
272,251-1,2016-05-11_win4.pcap,2017-05-11 21:54  ,31000000,False,True
110,119-2,2015-06-07_capture-win3.pcap,2017-04-25 09:30  ,30000000,False,True
43,46,botnet-capture-20110815-fast-flux.pcap,2011-08-16 09:37  ,30000000,True,False
364,335-1,2018-02-16_win8.pcap,2018-02-16 20:20  ,29000000,False,True
54,60,2014-03-12_win20.pcap,2014-03-12 09:46  ,29000000,False,True
27,25-4,2014-02-10_capture-win3.pcap,2015-09-25 16:26  ,29000000,False,True
345,319-1,small2.pcap,2018-08-13 23:01  ,28000000,False,True
116,122-2,2015-06-07_capture-win6.pcap,2017-04-25 09:30  ,28000000,False,True
34,28,2013-10-21_capture-win8.pcap,2013-10-21 15:38  ,28000000,False,False
3,4,2013-08-20_capture-win5.pcap,2013-08-06 12:28  ,26000000,True,False
70,91,capture.botnet2.infected.1.pcap,2012-05-29 02:07  ,26000000,False,True
226,210-1,2016-12-05_win9.pcap,2016-12-05 09:57  ,25000000,False,True
128,131-1,2015-07-28_win2.pcap,2015-07-28 09:33  ,24000000,False,True
83,110-2,2014-03-09_capture-win9.pcap,2017-04-25 09:39  ,24000000,False,True
76,104-1,2015-03-09_capture_win3.pcap,2015-03-09 14:19  ,22000000,False,True
78,106-1,2015-03-09_capture-win5.pcap,2017-04-25 09:27  ,22000000,False,True
77,105-1,2015-03-09_capture-win4.pcap,2017-04-25 09:26  ,21000000,False,True
303,276-2,2017-06-24_win17.pcap,2017-06-25 00:08  ,21000000,False,True
143,146-1,2015-10-23_win3.pcap,2015-10-23 12:28  ,21000000,False,True
300,274-1,2017-04-24_win13.pcap,2017-06-24 23:32  ,20000000,False,True
14,15,2013-09-28_capture-win19.pcap,2013-09-27 14:15  ,20000000,False,False
171,170-1,capture-win6.pcap,2016-07-12 07:31  ,20000000,False,True
46,49,botnet-capture-20110816-qvod.pcap,2011-08-17 09:47  ,20000000,True,False
45,48,botnet-capture-20110816-sogou.pcap,2011-08-16 14:17  ,18000000,True,False
97,113-1,2015-03-12_capture-win6.pcap,2015-03-28 22:11  ,16000000,False,True
122,127-1,2015-06-07_capture-win8.pcap,2015-06-07 20:21  ,16000000,False,True
356,328-1,2018-02-02_win12.pcap,2018-02-02 20:37  ,16000000,False,True
151,153-1,2016-02-12-capture_win4.pcap,2016-02-12 02:27  ,16000000,False,True
287,263-1,2017-06-24_win2.pcap,2017-06-24 20:20  ,16000000,False,True
204,192-5,2017-05-08_win3.pcap,2017-05-18 15:00  ,16000000,False,True
73,101,2014-12-20_capture-win8.pcap,2014-12-17 17:51  ,15000000,False,True
251,230-1,2017-3-8_win5.pcap,2017-03-08 14:38  ,15000000,False,True
322,295-1,2017-07-11_capture-win2.pcap,2017-07-17 15:41  ,14000000,False,True
197,190-1,2016-09-28_capture_win17.pcap,2017-06-29 18:22  ,14000000,False,True
69,90,192.168.3.104-unvirus.pcap,2009-09-08 14:42  ,13000000,False,True
277,256-1,2017-05-15_win4.pcap,2017-05-15 20:45  ,13000000,False,True
144,147-1,2015-10-23_win2.pcap,2015-10-23 12:33  ,13000000,False,True
104,116-2,2012-05-25-captura-2.pcap,2017-04-25 09:30  ,13000000,False,True
12,13,2014-02-28_capture-win15.pcap,2014-08-04 14:44  ,12000000,True,False
103,116-1,2012-05-25-capture-1.pcap,2017-04-25 09:29  ,12000000,False,True
22,23,2013-11-06_capture-win12.pcap,2013-11-06 14:33  ,11000000,False,False
274,253-1,2017-05-14_win10.pcap,2017-05-15 10:11  ,11000000,False,True
80,108-1,2015-03-09_capture-win7.pcap,2015-03-09 14:19  ,11000000,False,True
182,181-1,2016-06-22_win16.pcap,2016-06-26 01:35  ,11000000,False,True
71,92,192.168.3.104-eldorado2-1.pcap,2009-09-15 13:36  ,11000000,False,True
152,155-1,2016-03-26_win3-capture.pcap,2016-04-20 10:42  ,11000000,False,True
79,107-1,2015-03-09_capture-win6.pcap,2015-03-09 14:20  ,11000000,False,True
386,367-1,2018-10-9_win4.pcap,2018-10-10 01:12  ,10000000,False,True
307,280-1,2017-06-24_win22.pcap,2017-06-25 00:51  ,10000000,False,True
112,120-1,2015-04-22_capture-win4.pcap,2015-04-22 09:24  ,9400000,False,True
173,172-1,2016-01-06_capture-win8.pcap,2016-07-12 07:31  ,8900000,False,True
150,152-1,2016-02-12-capture_win9.pcap,2016-02-12 02:07  ,8800000,False,True
99,114-2,2015-04-22_capture-win2.pcap,2017-04-27 10:55  ,8700000,False,True
127,130-1,2015-07-25_capture-win4.pcap,2015-07-25 13:41  ,7700000,False,True
181,180-1,2016-06-22_win14.pcap,2016-06-24 23:13  ,7700000,False,True
311,284-1,2017-07-11_capture-win2.pcap,2017-07-11 15:51  ,7600000,False,True
280,259-1,2017-05-15_win8.pcap,2017-05-16 16:29  ,7400000,False,True
312,285-1,capture_win24.pcap,2017-07-11 15:51  ,7300000,False,True
313,286-1,2017-07-22_capture-win2.pcap,2017-07-11 17:59  ,7100000,False,True
176,175-1,2016-06-11_win9.pcap,2016-07-12 07:29  ,6900000,False,True
323,296-1,2017-07-13_capture-win2.pcap,2017-07-13 17:45  ,6800000,False,True
314,287-1,2017-07-11_capture-win24.pcap,2017-07-11 17:58  ,6800000,False,True
324,297-1,2017-07-13_capture-win24.pcap,2017-07-13 17:28  ,6700000,False,True
140,143-1,2015-10-23_win6.pcap,2015-10-23 10:17  ,6600000,False,True
149,151-1,2016-01-12-capture_win7.pcap,2016-02-12 01:38  ,6400000,False,True
329,302-1,2017-08-03_win6.pcap,2017-08-02 16:54  ,6400000,False,True
319,292-1,2017-07-11_capture-win2.pcap,2017-07-12 21:11  ,6300000,False,True
321,294-1,2017-07-13_capture-24.pcap,2017-07-17 15:39  ,6200000,False,True
320,293-1,2017-07-12_capture-win24.pcap,2017-07-12 21:11  ,6100000,False,True
86,110-5,2015-04-23_capture-win9.pcap,2017-04-25 09:43  ,5900000,False,True
186,185-1,2016-09-09_win1.pcap,2016-09-09 10:58  ,5700000,False,True
44,47,botnet-capture-20110816-donbot.pcap,2011-08-16 12:15  ,5000000,True,False
115,122-1,2015-04-22_capture-win6.pcap,2015-04-22 09:23  ,5000000,False,True
357,329-1,2018-02-02_win5.pcap,2018-02-02 20:58  ,4900000,False,True
180,179-1,2016-06-22_win13.pcap,2016-07-12 07:30  ,4500000,False,True
183,182-1,2016-06-22_win17.pcap,2016-07-12 07:31  ,4500000,False,True
358,330-1,2018-02-02_win6.pcap,2018-02-02 21:10  ,4400000,False,True
361,332-1,2018-02-02_win8.pcap,2018-02-02 21:36  ,4400000,False,True
109,119-1,2015-04-22_capture-win3.pcap,2015-04-22 09:23  ,4200000,False,True
275,254-1,capture_win13.pcap,2017-05-15 08:25  ,3600000,False,True
62,71,2014-06-30_capture-win19.pcap,2014-06-30 09:48  ,3600000,False,True
1,2,2013-08-20_capture-win2.pcap,2013-07-13 12:16  ,3400000,True,False
372,343-1,2018-04-03_win6.pcap,2018-02-21 06:37  ,3200000,False,True
317,290-1,2017-07-11_capture-win2.pcap,2017-07-11 21:17  ,3100000,False,True
21,22,2013-11-06_capture-win8.pcap,2013-11-06 10:23  ,2800000,True,False
348,321-1,2017-01-27_capture-win12.pcap,2018-01-27 12:24  ,2700000,False,True
129,132-1,2015-09-09_win3.pcap,2015-09-10 14:19  ,2700000,False,True
74,102,capture-win2.pcap,2015-02-25 13:38  ,2500000,False,True
47,50,normal-capture-20110817.pcap,2016-02-28 12:21  ,2500000,True,False
126,129-1,2015-06-30_capture-win20.pcap,2015-07-07 15:07  ,2300000,False,True
108,118-1,2015-04-20_capture-win5.pcap,2015-04-20 11:29  ,2100000,False,True
130,133-1,2015-09-09_capture-win4.pcap,2015-09-10 14:24  ,2000000,False,True
98,114-1,2015-04-09_capture-win2.pcap,2017-04-25 09:29  ,1900000,False,True
341,315-1,capture_win14.pcap,2017-08-16 10:18  ,1600000,False,True
10,11,capture-win19.pcap,2013-09-13 12:56  ,1600000,False,True
310,283-1,2017-07-11_capture-win2.pcap,2017-07-11 09:29  ,1600000,False,True
58,64,2014-04-07_capture-win6.pcap,2014-04-06 09:47  ,1600000,False,True
336,310-1,capture_win9.pcap,2017-08-16 10:18  ,1500000,False,True
159,162-1,2016-05-29_capture-win5.pcap,2016-05-29 10:38  ,1500000,False,True
161,163-1,2016-06-02_capture-win6.pcap,2016-06-03 14:13  ,1500000,False,True
325,298-1,2017-07-13_capture-win2.pcap,2017-07-13 18:07  ,1400000,False,True
338,312-1,capture_win11.pcap,2017-08-16 10:18  ,1400000,False,True
340,314-1,capture_win13.pcap,2017-08-16 10:18  ,1400000,False,True
118,124-1,2015-04-30_capture-win5.pcap,2015-04-30 09:52  ,1200000,False,True
326,299-1,2017-07-13_capture-win24.pcap,2017-07-17 15:38  ,1200000,False,True
184,183-1,2016-07-29_win.pcap,2016-07-29 14:10  ,1100000,False,True
117,123-1,2015-04-22_capture-win8.pcap,2015-04-22 09:21  ,1100000,False,True
63,73,2014-05-16_capture-win15.pcap,2014-05-16 09:47  ,1100000,False,True
158,161-1,2015-12-09_capture-win5.pcap,2015-12-09 12:42  ,903000,False,True
26,25-3,2014-02-07_capture-win3.pcap,2014-02-07 17:45  ,846000,False,True
222,207-1,2016-12-12_win1.pcap,2017-05-05 10:46  ,757000,False,True
316,289-1,2017-07-11_capture-win24.pcap,2017-07-11 20:03  ,750000,False,True
315,288-1,2017-07-11_capture-win2.pcap,2017-07-11 19:58  ,735000,False,True
52,55,capture-win13.pcap,2014-02-17 09:14  ,706000,False,True
75,103,2015-03-1_capture-win2.pcap,2015-03-01 23:28  ,569000,False,True
309,282-1,2017-07-06_capture-win3.pcap,2017-07-06 17:07  ,521000,False,True
273,252-1,2017-05-14_win10.pcap,2017-05-14 11:49  ,499000,False,True
13,14,2013-10-18_capture-win15.pcap,2013-09-05 14:59  ,466000,False,False
131,134-1,2015-10-11_win3.pcap,2015-09-11 14:49  ,302000,False,True
240,221-1,capture_win11.pcap,2017-02-14 09:50  ,299000,False,True
257,235-1,2017-03-25_win16.pcap,2017-03-25 21:10  ,298000,False,True
8,9,2013-08-20_captureWin6.pcap,2013-07-11 16:16  ,296000,True,False
392,371-1,test.pcap,2020-11-29 18:30  ,247000,False,True
276,255-1,2017-05-15_win7.pcap,2017-05-15 20:00  ,225000,False,True
196,189-3,2017-045-02_win17.pcap,2017-05-02 20:27  ,222000,False,True
258,236-1,2017-03-26_win20.pcap,2017-03-26 20:46  ,176000,False,True
256,234-1,2017-03-25_win13.pcap,2017-03-25 20:27  ,171000,False,True
395,374-1,2020-11-03-win7.pcap,2020-11-03 18:37  ,86000,False,False
243,223-1,capture_win4.pcap,2017-02-18 13:44  ,76000,False,True
239,220-1,capture_win11.pcap,2017-02-14 09:32  ,42000,False,True
318,291-1,2017-07-11_capture-win2.pcap,2017-07-12 20:39  ,28000,False,True
334,308-1,2017-08-03_win8.pcap,2017-08-17 10:25  ,21000,False,True
279,258-1,2017-05-16_win4.pcap,2017-05-16 16:09  ,20000,False,True
255,233-1,capture_win1.pcap,2017-03-15 18:59  ,14000,False,True
308,281-1,2017-07-03_capture-win13.pcap,2017-07-05 20:38  ,10000,False,True
114,121-1,2015-04-22_capture-win5.pcap,2017-04-25 09:30  ,4800,False,True
